,complex.id,gene,cdr3_a_aa,v_a_gene,j_a_gene,species,epitope,antigen.species,vdjdb.score
0,157,TRA,CILSGGSNYKLTF,TRAV21/DV12*01,TRAJ53*01,MusMusculus,SSLENFRAYV,InfluenzaA,3
1,279,TRA,CAASEGSGSWQLIF,TRAV14-1*01,TRAJ22*01,MusMusculus,ASNENMETM,InfluenzaA,3
2,280,TRA,CAASETSGSWQLIF,TRAV14-1*01,TRAJ22*01,MusMusculus,ASNENMETM,InfluenzaA,3
3,288,TRA,CATVYAQGLTF,TRAV8-2*01,TRAJ26*01,MusMusculus,SQLLNAKYL,PlasmodiumBerghei,3
4,344,TRA,CAAVTGNTGKLIF,TRAV4-2*01,TRAJ37*01,MusMusculus,ASNENMETM,InfluenzaA,3
5,23365,TRA,CAAANSGTYQRF,TRAV3-1*01,TRAJ13*01,MusMusculus,SSPPMFRV,MCMV,1
6,23368,TRA,CAAANYGSSGNKLIF,TRAV14-2*02,TRAJ32*01,MusMusculus,SSPPMFRV,MCMV,1
7,23369,TRA,CAAAQGGSAKLIF,TRAV19*01,TRAJ57*01,MusMusculus,SSPPMFRV,MCMV,1
8,23373,TRA,CAAATGNTGKLIF,TRAV4N-4*01,TRAJ37*01,MusMusculus,ASNENMETM,InfluenzaA,1
9,23392,TRA,CAADTGNYKYVF,TRAV10*01,TRAJ40*01,MusMusculus,LSLRNPILV,InfluenzaA,1
10,23394,TRA,CAAEAAGGNNKLTF,TRAV4D-3*01,TRAJ56*01,MusMusculus,SSYRRPVGI,InfluenzaA,1
11,23396,TRA,CAAEAGSNYQLIW,TRAV4D-3*01,TRAJ33*01,MusMusculus,SSLENFRAYV,InfluenzaA,1
12,23400,TRA,CAAEAVTGGYKVVF,TRAV4N-3*01,TRAJ12*01,MusMusculus,LSLRNPILV,InfluenzaA,1
13,23407,TRA,CAAGAIMQQGTGSKLSF,TRAV4D-4*01,TRAJ58*01,MusMusculus,SSYRRPVGI,InfluenzaA,1
14,23411,TRA,CAAGESSSFSKLVF,TRAV19*01,TRAJ50*01,MusMusculus,HGIRNASFI,MCMV,1
15,23417,TRA,CAAGNNYAQGLTF,TRAV19*01,TRAJ26*01,MusMusculus,SSYRRPVGI,InfluenzaA,1
16,23419,TRA,CAAGQGGSAKLIF,TRAV19*01,TRAJ57*01,MusMusculus,SSPPMFRV,MCMV,1
17,23423,TRA,CAAGQGGSAKLIF,TRAV19*01,TRAJ57*01,MusMusculus,SSYRRPVGI,InfluenzaA,1
18,23424,TRA,CAAGRTNAYKVIF,TRAV14-1*01,TRAJ30*01,MusMusculus,SSLENFRAYV,InfluenzaA,1
19,23426,TRA,CAAGVYGSSGNKLIF,TRAV7D-2*01,TRAJ32*01,MusMusculus,SSYRRPVGI,InfluenzaA,1
20,23428,TRA,CAAHDSGYNKLTF,TRAV10N*01,TRAJ11*01,MusMusculus,LSLRNPILV,InfluenzaA,1
21,23432,TRA,CAAILYGSSGNKLIF,TRAV5N-4*01,TRAJ32*01,MusMusculus,SSPPMFRV,MCMV,1
22,23438,TRA,CAAKRPSSFSKLVF,TRAV7-2*02,TRAJ50*01,MusMusculus,TVYGFCLL,MCMV,1
23,23439,TRA,CAALDSNYQLIW,TRAV7D-4*01,TRAJ33*01,MusMusculus,TVYGFCLL,MCMV,1
24,23441,TRA,CAALNNVGDNSKLIW,TRAV7D-2*01,TRAJ38*01,MusMusculus,TVYGFCLL,MCMV,1
25,23448,TRA,CAALTGNTGKLIF,TRAV5N-4*01,TRAJ37*01,MusMusculus,HGIRNASFI,MCMV,1
26,23451,TRA,CAAMATGGNNKLTF,TRAV14-2*02,TRAJ56*01,MusMusculus,HGIRNASFI,MCMV,1
27,23452,TRA,CAAMLASSGSWQLIF,TRAV7-4*01,TRAJ22*01,MusMusculus,ASNENMETM,InfluenzaA,1
28,23453,TRA,CAAMLASSGSWQLIF,TRAV7D-4*01,TRAJ22*01,MusMusculus,ASNENMETM,InfluenzaA,1
29,23456,TRA,CAAMNYGSSGNKLIF,TRAV7-3*04,TRAJ32*01,MusMusculus,ASNENMETM,InfluenzaA,1
30,23459,TRA,CAANEGGYKLTF,TRAV14N-3*01,TRAJ9*01,MusMusculus,LSLRNPILV,InfluenzaA,1
31,23461,TRA,CAANQGGSAKLIF,TRAV19*01,TRAJ57*01,MusMusculus,SSPPMFRV,MCMV,1
32,23462,TRA,CAANQGGSAKLIF,TRAV5N-4*01,TRAJ57*01,MusMusculus,HGIRNASFI,MCMV,1
33,23467,TRA,CAAPDTNAYKVIF,TRAV14-2*02,TRAJ30*01,MusMusculus,LSLRNPILV,InfluenzaA,1
34,23469,TRA,CAAPLSNTNKVVF,TRAV7D-2*01,TRAJ34*01,MusMusculus,TVYGFCLL,MCMV,1
35,23471,TRA,CAAPPTNAYKVIF,TRAV4D-4*01,TRAJ30*01,MusMusculus,ASNENMETM,InfluenzaA,1
36,23472,TRA,CAAPQGGSAKLIF,TRAV14D-3/DV8*02,TRAJ57*01,MusMusculus,SSPPMFRV,MCMV,1
37,23485,TRA,CAARFYGSSGNKLIF,TRAV5N-4*01,TRAJ32*01,MusMusculus,SSPPMFRV,MCMV,1
38,23488,TRA,CAARGKNYNQGKLIF,TRAV14D-1*01,TRAJ23*01,MusMusculus,ASNENMETM,InfluenzaA,1
39,23492,TRA,CAARGSNAKLTF,TRAV7-2*02,TRAJ42*01,MusMusculus,ASNENMETM,InfluenzaA,1
40,23493,TRA,CAARINSGGSNAKLTF,TRAV4D-4*01,TRAJ42*01,MusMusculus,ASNENMETM,InfluenzaA,1
41,23495,TRA,CAARNSAGNKLTF,TRAV10N*01,TRAJ17*01,MusMusculus,LSLRNPILV,InfluenzaA,1
42,23497,TRA,CAARPSNYNVLYF,TRAV14N-1*01,TRAJ21*01,MusMusculus,LSLRNPILV,InfluenzaA,1
43,23499,TRA,CAARRGNTGNYKYVF,TRAV14D-1*01,TRAJ40*01,MusMusculus,ASNENMETM,InfluenzaA,1
44,23500,TRA,CAARRYNQGKLIF,TRAV14D-1*01,TRAJ23*01,MusMusculus,SSYRRPVGI,InfluenzaA,1
45,23502,TRA,CAARTASLGKLQF,TRAV10*01,TRAJ24*01,MusMusculus,LSLRNPILV,InfluenzaA,1
46,23503,TRA,CAARTEGADRLTF,TRAV4N-4*01,TRAJ45*01,MusMusculus,ASNENMETM,InfluenzaA,1
47,23509,TRA,CAASADTNAYKVIF,TRAV5N-4*01,TRAJ30*01,MusMusculus,LSLRNPILV,InfluenzaA,1
48,23511,TRA,CAASAELTGNTGKLIF,TRAV14N-3*01,TRAJ37*01,MusMusculus,SSPPMFRV,MCMV,1
49,23517,TRA,CAASAGNTGKLIF,TRAV5N-4*01,TRAJ37*01,MusMusculus,HGIRNASFI,MCMV,1
50,23518,TRA,CAASAIASSSFSKLVF,TRAV7D-4*01,TRAJ50*01,MusMusculus,ASNENMETM,InfluenzaA,1
51,23526,TRA,CAASAPNTNKVVF,TRAV14D-3/DV8*01,TRAJ34*01,MusMusculus,LSLRNPILV,InfluenzaA,1
52,23527,TRA,CAASARNSNNRIFF,TRAV7D-4*01,TRAJ31*01,MusMusculus,SSYRRPVGI,InfluenzaA,1
53,23530,TRA,CAASASSSFSKLVF,TRAV14-2*02,TRAJ50*01,MusMusculus,SSYRRPVGI,InfluenzaA,1
54,23532,TRA,CAASASSSFSKLVF,TRAV7-2*02,TRAJ50*01,MusMusculus,TVYGFCLL,MCMV,1
55,23535,TRA,CAASATNTGKLTF,TRAV5N-4*01,TRAJ27*01,MusMusculus,HGIRNASFI,MCMV,1
56,23536,TRA,CAASATSSGQKLVF,TRAV14N-2*01,TRAJ16*01,MusMusculus,TVYGFCLL,MCMV,1
57,23538,TRA,CAASAWDTGYQNFYF,TRAV14-2*02,TRAJ49*01,MusMusculus,SSPPMFRV,MCMV,1
58,23539,TRA,CAASAWGGSNAKLTF,TRAV14D-3/DV8*02,TRAJ42*01,MusMusculus,TVYGFCLL,MCMV,1
59,23540,TRA,CAASAYTGKLIF,TRAV7D-4*01,TRAJ37*01,MusMusculus,SSYRRPVGI,InfluenzaA,1
60,23544,TRA,CAASDDYNQGKLIF,TRAV14-2*02,TRAJ23*01,MusMusculus,TVYGFCLL,MCMV,1
61,23545,TRA,CAASDERSIGGYKVVF,TRAV7-2*02,TRAJ12*01,MusMusculus,LSLRNPILV,InfluenzaA,1
62,23547,TRA,CAASDGTGNYKYVF,TRAV5N-4*01,TRAJ40*01,MusMusculus,LSLRNPILV,InfluenzaA,1
63,23555,TRA,CAASDSNNRIFF,TRAV10N*01,TRAJ31*01,MusMusculus,ASNENMETM,InfluenzaA,1
64,23559,TRA,CAASDTNTGKLTF,TRAV5N-4*01,TRAJ27*01,MusMusculus,HGIRNASFI,MCMV,1
65,23560,TRA,CAASDYGSSGNKLIF,TRAV10*01,TRAJ32*01,MusMusculus,SSPPMFRV,MCMV,1
66,23562,TRA,CAASDYGSSGNKLIF,TRAV5N-4*01,TRAJ32*01,MusMusculus,SSPPMFRV,MCMV,1
67,23564,TRA,CAASEDYNQGKLIF,TRAV14N-2*01,TRAJ23*01,MusMusculus,TVYGFCLL,MCMV,1
68,23566,TRA,CAASEGGNYKYVF,TRAV7-4*01,TRAJ40*01,MusMusculus,SSLENFRAYV,InfluenzaA,1
69,23567,TRA,CAASEGGYKLTF,TRAV14N-3*01,TRAJ9*01,MusMusculus,LSLRNPILV,InfluenzaA,1
70,23568,TRA,CAASEGSALGRLHF,TRAV7-2*02,TRAJ18*01,MusMusculus,TVYGFCLL,MCMV,1
71,23572,TRA,CAASEHGRNSGTYQRF,TRAV7-4*01,TRAJ13*01,MusMusculus,SSPPMFRV,MCMV,1
72,23573,TRA,CAASEHLYGSSGNKLIF,TRAV7-4*01,TRAJ32*01,MusMusculus,LSLRNPILV,InfluenzaA,1
73,23574,TRA,CAASENPNTGKLTF,TRAV14N-1*01,TRAJ27*01,MusMusculus,SSYRRPVGI,InfluenzaA,1
74,23577,TRA,CAASENYGSSGNKLIF,TRAV5N-4*01,TRAJ32*01,MusMusculus,SSPPMFRV,MCMV,1
75,23578,TRA,CAASENYNQGKLIF,TRAV7-4*01,TRAJ23*01,MusMusculus,TVYGFCLL,MCMV,1
76,23581,TRA,CAASENYNQGKLIF,TRAV7D-4*01,TRAJ23*01,MusMusculus,TVYGFCLL,MCMV,1
77,23582,TRA,CAASEPNSAGNKLTF,TRAV7-4*01,TRAJ17*01,MusMusculus,HGIRNASFI,MCMV,1
78,23584,TRA,CAASERGTNTGKLTF,TRAV7D-4*01,TRAJ27*01,MusMusculus,SSYRRPVGI,InfluenzaA,1
79,23586,TRA,CAASESGSWQLIF,TRAV14D-1*01,TRAJ22*01,MusMusculus,SSPPMFRV,MCMV,1
80,23587,TRA,CAASESSSFSKLVF,TRAV14-2*02,TRAJ50*01,MusMusculus,HGIRNASFI,MCMV,1
81,23589,TRA,CAASFYGSSGNKLIF,TRAV7-4*01,TRAJ32*01,MusMusculus,LSLRNPILV,InfluenzaA,1
82,23590,TRA,CAASGAGGYKVVF,TRAV14N-2*01,TRAJ12*01,MusMusculus,SSPPMFRV,MCMV,1
83,23596,TRA,CAASGGGSSGNKLIF,TRAV5N-4*01,TRAJ32*01,MusMusculus,HGIRNASFI,MCMV,1
84,23603,TRA,CAASGGSNAKLTF,TRAV7-2*02,TRAJ42*01,MusMusculus,HGIRNASFI,MCMV,1
85,23607,TRA,CAASGGVGDNSKLIW,TRAV10*01,TRAJ38*01,MusMusculus,SSYRRPVGI,InfluenzaA,1
86,23615,TRA,CAASGSNTGKLTF,TRAV5N-4*01,TRAJ27*01,MusMusculus,HGIRNASFI,MCMV,1
87,23616,TRA,CAASGSNYNVLYF,TRAV14D-3/DV8*08,TRAJ21*01,MusMusculus,SSPPMFRV,MCMV,1
88,23619,TRA,CAASGSSSFSKLVF,TRAV7-2*02,TRAJ50*01,MusMusculus,TVYGFCLL,MCMV,1
89,23621,TRA,CAASGTNTGKLTF,TRAV5N-4*01,TRAJ27*01,MusMusculus,HGIRNASFI,MCMV,1
90,23622,TRA,CAASGYGNEKITF,TRAV7D-4*01,TRAJ48*01,MusMusculus,SSPPMFRV,MCMV,1
91,23625,TRA,CAASISSGGSNYKLTF,TRAV7-2*02,TRAJ53*01,MusMusculus,ASNENMETM,InfluenzaA,1
92,23626,TRA,CAASITGNTGKLIF,TRAV14-1*01,TRAJ37*01,MusMusculus,SSLENFRAYV,InfluenzaA,1
93,23629,TRA,CAASKGSNNRIFF,TRAV7-2*02,TRAJ31*01,MusMusculus,SSLENFRAYV,InfluenzaA,1
94,23631,TRA,CAASKGSNNRIFF,TRAV7-2*02,TRAJ31*01,MusMusculus,SSYRRPVGI,InfluenzaA,1
95,23636,TRA,CAASKYGSSGNKLIF,TRAV10*01,TRAJ32*01,MusMusculus,SSPPMFRV,MCMV,1
96,23639,TRA,CAASMDSNYQLIW,TRAV7-4*01,TRAJ33*01,MusMusculus,TVYGFCLL,MCMV,1
97,23649,TRA,CAASMSGYNKLTF,TRAV10N*01,TRAJ11*01,MusMusculus,SSPPMFRV,MCMV,1
98,23651,TRA,CAASNGDSNYQLIW,TRAV14N-1*01,TRAJ33*01,MusMusculus,TVYGFCLL,MCMV,1
99,23654,TRA,CAASNPGDNSKLIW,TRAV10*01,TRAJ38*01,MusMusculus,SSYRRPVGI,InfluenzaA,1
100,23656,TRA,CAASNSNNRIFF,TRAV5N-4*01,TRAJ31*01,MusMusculus,LSLRNPILV,InfluenzaA,1
101,23659,TRA,CAASNTGNYKYVF,TRAV5N-4*01,TRAJ40*01,MusMusculus,SSLENFRAYV,InfluenzaA,1
102,23664,TRA,CAASNYGSSGNKFIF,TRAV14-2*02,TRAJ32*01,MusMusculus,SSPPMFRV,MCMV,1
103,23665,TRA,CAASNYGSSGNKLIF,TRAV10*01,TRAJ32*01,MusMusculus,SSPPMFRV,MCMV,1
104,23667,TRA,CAASNYGSSGNKLIF,TRAV10N*01,TRAJ32*01,MusMusculus,SSPPMFRV,MCMV,1
105,23669,TRA,CAASNYGSSGNKLIF,TRAV14-2*02,TRAJ32*01,MusMusculus,SSPPMFRV,MCMV,1
106,23670,TRA,CAASNYGSSGNKLIF,TRAV5N-4*01,TRAJ32*01,MusMusculus,SSPPMFRV,MCMV,1
107,23671,TRA,CAASNYQLIW,TRAV7D-4*01,TRAJ33*01,MusMusculus,SSYRRPVGI,InfluenzaA,1
108,23673,TRA,CAASPKNTGYQNFYF,TRAV7-4*01,TRAJ49*01,MusMusculus,ASNENMETM,InfluenzaA,1
109,23674,TRA,CAASPNNNNAPRF,TRAV14-2*02,TRAJ43*01,MusMusculus,SSYRRPVGI,InfluenzaA,1
110,23675,TRA,CAASPNSAGNKLTF,TRAV14-1*01,TRAJ17*01,MusMusculus,SSLENFRAYV,InfluenzaA,1
111,23676,TRA,CAASPRNTGNYKYVF,TRAV14D-1*01,TRAJ40*01,MusMusculus,ASNENMETM,InfluenzaA,1
112,23677,TRA,CAASPRNTGYQNFYF,TRAV14D-1*01,TRAJ49*01,MusMusculus,SSYRRPVGI,InfluenzaA,1
113,23682,TRA,CAASQGGSAKLIF,TRAV5N-4*01,TRAJ57*01,MusMusculus,HGIRNASFI,MCMV,1
114,23685,TRA,CAASQYGSSGNKLIF,TRAV5N-4*01,TRAJ32*01,MusMusculus,SSPPMFRV,MCMV,1
115,23686,TRA,CAASRAGGYKVVF,TRAV14N-2*01,TRAJ12*01,MusMusculus,SSPPMFRV,MCMV,1
116,23688,TRA,CAASRDNRIFF,TRAV7-2*02,TRAJ31*01,MusMusculus,HGIRNASFI,MCMV,1
117,23694,TRA,CAASRGSNNRIFF,TRAV7-2*02,TRAJ31*01,MusMusculus,SSLENFRAYV,InfluenzaA,1
118,23714,TRA,CAASRPGTGSNRLTF,TRAV7-2*02,TRAJ28*01,MusMusculus,ASNENMETM,InfluenzaA,1
119,23716,TRA,CAASRYGSSGNKLIF,TRAV10*01,TRAJ32*01,MusMusculus,SSPPMFRV,MCMV,1
120,23718,TRA,CAASRYGSSGNKLIF,TRAV14-2*02,TRAJ32*01,MusMusculus,SSPPMFRV,MCMV,1
121,23725,TRA,CAASSGSSGNKLIF,TRAV10N*01,TRAJ32*01,MusMusculus,LSLRNPILV,InfluenzaA,1
122,23728,TRA,CAASSNMGYKLTF,TRAV14N-2*01,TRAJ9*01,MusMusculus,SSYRRPVGI,InfluenzaA,1
123,23730,TRA,CAASSNTGYQNFYF,TRAV14D-3/DV8*02,TRAJ49*01,MusMusculus,ASNENMETM,InfluenzaA,1
124,23737,TRA,CAASSSGSWQLIF,TRAV10*01,TRAJ22*01,MusMusculus,HGIRNASFI,MCMV,1
125,23739,TRA,CAASSYGSSGNKLIF,TRAV10*01,TRAJ32*01,MusMusculus,SSPPMFRV,MCMV,1
126,23742,TRA,CAASTGNTGKLIF,TRAV5N-4*01,TRAJ37*01,MusMusculus,HGIRNASFI,MCMV,1
127,23746,TRA,CAASTYGSSGNKLIF,TRAV10*01,TRAJ32*01,MusMusculus,SSPPMFRV,MCMV,1
128,23748,TRA,CAASVGTGSNRLTF,TRAV14D-1*01,TRAJ28*01,MusMusculus,SSYRRPVGI,InfluenzaA,1
129,23755,TRA,CAATGGNNKLTF,TRAV5N-4*01,TRAJ56*01,MusMusculus,HGIRNASFI,MCMV,1
130,23770,TRA,CAATGGSNAKLTF,TRAV5N-4*01,TRAJ42*01,MusMusculus,HGIRNASFI,MCMV,1
131,23775,TRA,CAATLATGGNNKLTF,TRAV5N-4*01,TRAJ56*01,MusMusculus,SSPPMFRV,MCMV,1
132,23777,TRA,CAATSNYNVLYF,TRAV3N-3*01,TRAJ21*01,MusMusculus,SSYRRPVGI,InfluenzaA,1
133,23781,TRA,CAAVMDSNYQLIW,TRAV14N-1*01,TRAJ33*01,MusMusculus,SSYRRPVGI,InfluenzaA,1
134,23783,TRA,CAAVPNNNNAPRF,TRAV19*01,TRAJ43*01,MusMusculus,SSLENFRAYV,InfluenzaA,1
135,23814,TRA,CAEGDSNYQLIW,TRAV7-1*01,TRAJ33*01,MusMusculus,LSLRNPILV,InfluenzaA,1
136,23815,TRA,CAEGDTNTGKLTF,TRAV7D-2*01,TRAJ27*01,MusMusculus,SSYRRPVGI,InfluenzaA,1
137,23840,TRA,CAENYGSSGNKLIF,TRAV7D-3*01,TRAJ32*01,MusMusculus,ASNENMETM,InfluenzaA,1
138,23862,TRA,CAFDSNYQLIW,TRAV3-3*01,TRAJ33*01,MusMusculus,SSYRRPVGI,InfluenzaA,1
139,23865,TRA,CAFFMNYNQGKLIF,TRAV12D-1*01,TRAJ23*01,MusMusculus,TVYGFCLL,MCMV,1
140,23872,TRA,CAFPTGNYKYVF,TRAV8D-1*01,TRAJ40*01,MusMusculus,LSLRNPILV,InfluenzaA,1
141,23965,TRA,CAGNNNNAPRF,TRAV3-1*01,TRAJ43*01,MusMusculus,LSLRNPILV,InfluenzaA,1
142,23979,TRA,CAGQGGRALIF,TRAV3-1*01,TRAJ15*01,MusMusculus,LSLRNPILV,InfluenzaA,1
143,23989,TRA,CAGSSGSWQLIF,TRAV10N*01,TRAJ22*01,MusMusculus,SSLENFRAYV,InfluenzaA,1
144,23992,TRA,CAGTGGNNKLTF,TRAV5N-4*01,TRAJ56*01,MusMusculus,HGIRNASFI,MCMV,1
145,24013,TRA,CAIELYNQGKLIF,TRAV13N-2*01,TRAJ23*01,MusMusculus,SSPPMFRV,MCMV,1
146,24014,TRA,CAILSNYNVLYF,TRAV16D/DV11*02,TRAJ21*01,MusMusculus,SSYRRPVGI,InfluenzaA,1
147,24018,TRA,CAKTTASLGKLQF,TRAV9N-3*01,TRAJ24*01,MusMusculus,HGIRNASFI,MCMV,1
148,24021,TRA,CALAGGSNYKLTF,TRAV6D-6*02,TRAJ53*01,MusMusculus,SSLENFRAYV,InfluenzaA,1
149,24023,TRA,CALAGTGGYKVVF,TRAV6D-6*02,TRAJ12*01,MusMusculus,SSPPMFRV,MCMV,1
150,24026,TRA,CALALYGSSGNKLIF,TRAV6-4*03,TRAJ32*01,MusMusculus,SSPPMFRV,MCMV,1
151,24027,TRA,CALALYGSSGNKLIF,TRAV6D-4*01,TRAJ32*01,MusMusculus,SSPPMFRV,MCMV,1
152,24031,TRA,CALAPSNTNKVVF,TRAV6-4*03,TRAJ34*01,MusMusculus,SSLENFRAYV,InfluenzaA,1
153,24034,TRA,CALAPSNYNVLYF,TRAV6D-4*01,TRAJ21*01,MusMusculus,SSLENFRAYV,InfluenzaA,1
154,24041,TRA,CALCGGSNYKLTF,TRAV6N-6*01,TRAJ53*01,MusMusculus,SSLENFRAYV,InfluenzaA,1
155,24058,TRA,CALERWSNNRIFF,TRAV17*01,TRAJ31*01,MusMusculus,SSLENFRAYV,InfluenzaA,1
156,24060,TRA,CALFYGSSGNKLIF,TRAV12N-3*01,TRAJ32*01,MusMusculus,SSYRRPVGI,InfluenzaA,1
157,24062,TRA,CALGAGNYAQGLTF,TRAV6D-6*02,TRAJ26*01,MusMusculus,ASNENMETM,InfluenzaA,1
158,24063,TRA,CALGAGSGNKLIF,TRAV6D-6*02,TRAJ32*01,MusMusculus,SSLENFRAYV,InfluenzaA,1
159,24065,TRA,CALGAGSNYQLIW,TRAV6D-6*02,TRAJ33*01,MusMusculus,SSLENFRAYV,InfluenzaA,1
160,24070,TRA,CALGASGGNYKPTF,TRAV6D-5*01,TRAJ6*01,MusMusculus,LSLRNPILV,InfluenzaA,1
161,24074,TRA,CALGDGRNYQLIW,TRAV6D-6*02,TRAJ33*01,MusMusculus,SSLENFRAYV,InfluenzaA,1
162,24075,TRA,CALGDGTGGYKVVF,TRAV6D-6*02,TRAJ12*01,MusMusculus,SSPPMFRV,MCMV,1
163,24084,TRA,CALGDPGGSNAKLTF,TRAV6N-5*01,TRAJ42*01,MusMusculus,SSYRRPVGI,InfluenzaA,1
164,24087,TRA,CALGDRATGGNNKLTF,TRAV6D-6*02,TRAJ56*01,MusMusculus,SSLENFRAYV,InfluenzaA,1
165,24090,TRA,CALGDRGTGNYKYVF,TRAV6-6*01,TRAJ40*01,MusMusculus,SSLENFRAYV,InfluenzaA,1
166,24091,TRA,CALGDRGTGNYKYVF,TRAV6D-6*02,TRAJ40*01,MusMusculus,SSLENFRAYV,InfluenzaA,1
167,24095,TRA,CALGDRRTGNYKYVF,TRAV6D-6*02,TRAJ40*01,MusMusculus,SSLENFRAYV,InfluenzaA,1
168,24097,TRA,CALGDRSNMGYKLTF,TRAV6N-7*01,TRAJ9*01,MusMusculus,HGIRNASFI,MCMV,1
169,24100,TRA,CALGDRVTGNYKYVF,TRAV6D-6*02,TRAJ40*01,MusMusculus,SSLENFRAYV,InfluenzaA,1
170,24104,TRA,CALGEDNTNKVVF,TRAV6D-6*02,TRAJ34*01,MusMusculus,SSYRRPVGI,InfluenzaA,1
171,24105,TRA,CALGEGGYQNFYF,TRAV6D-6*02,TRAJ49*01,MusMusculus,SSYRRPVGI,InfluenzaA,1
172,24106,TRA,CALGEGNNRIFF,TRAV6D-6*02,TRAJ31*01,MusMusculus,SSPPMFRV,MCMV,1
173,24110,TRA,CALGEGSNYQLIW,TRAV6-6*01,TRAJ33*01,MusMusculus,SSLENFRAYV,InfluenzaA,1
174,24115,TRA,CALGEGSNYQLIW,TRAV6D-6*02,TRAJ33*01,MusMusculus,SSLENFRAYV,InfluenzaA,1
175,24122,TRA,CALGEGTGGYKVVF,TRAV6D-6*02,TRAJ12*01,MusMusculus,SSPPMFRV,MCMV,1
176,24124,TRA,CALGEGYNQGKLIF,TRAV6D-6*02,TRAJ23*01,MusMusculus,TVYGFCLL,MCMV,1
177,24129,TRA,CALGERDPNTGKLTF,TRAV6N-5*01,TRAJ27*01,MusMusculus,SSYRRPVGI,InfluenzaA,1
178,24141,TRA,CALGGGSNYKLTF,TRAV6D-6*02,TRAJ53*01,MusMusculus,SSLENFRAYV,InfluenzaA,1
179,24150,TRA,CALGGGSNYKLTF,TRAV6N-6*01,TRAJ53*01,MusMusculus,SSLENFRAYV,InfluenzaA,1
180,24151,TRA,CALGGGSNYQLIW,TRAV6-6*01,TRAJ33*01,MusMusculus,SSLENFRAYV,InfluenzaA,1
181,24153,TRA,CALGGGSNYQLIW,TRAV6D-6*02,TRAJ33*01,MusMusculus,SSLENFRAYV,InfluenzaA,1
182,24156,TRA,CALGGSSGSWQLIF,TRAV6D-6*02,TRAJ22*01,MusMusculus,SSPPMFRV,MCMV,1
183,24157,TRA,CALGITGNTGKLIF,TRAV6D-6*02,TRAJ37*01,MusMusculus,HGIRNASFI,MCMV,1
184,24158,TRA,CALGIYGSSGNKLIF,TRAV6D-6*02,TRAJ32*01,MusMusculus,SSPPMFRV,MCMV,1
185,24160,TRA,CALGLGSNYQLIW,TRAV6D-6*02,TRAJ33*01,MusMusculus,SSLENFRAYV,InfluenzaA,1
186,24161,TRA,CALGMGATGGNNKLTF,TRAV6-6*01,TRAJ56*01,MusMusculus,SSLENFRAYV,InfluenzaA,1
187,24162,TRA,CALGPNYGNEKITF,TRAV17*01,TRAJ48*01,MusMusculus,TVYGFCLL,MCMV,1
188,24163,TRA,CALGPNYRNEKITF,TRAV17*01,TRAJ48*01,MusMusculus,TVYGFCLL,MCMV,1
189,24164,TRA,CALGPPMSNAKLTF,TRAV6D-6*02,TRAJ42*01,MusMusculus,HGIRNASFI,MCMV,1
190,24167,TRA,CALGRGSNYKLTF,TRAV6D-6*02,TRAJ53*01,MusMusculus,SSLENFRAYV,InfluenzaA,1
191,24172,TRA,CALGSGGNYKPTF,TRAV6D-6*02,TRAJ6*01,MusMusculus,SSLENFRAYV,InfluenzaA,1
192,24174,TRA,CALGSGGSWQLIF,TRAV6D-6*02,TRAJ22*01,MusMusculus,SSLENFRAYV,InfluenzaA,1
193,24178,TRA,CALGTGSNYQLIW,TRAV6D-6*02,TRAJ33*01,MusMusculus,SSLENFRAYV,InfluenzaA,1
194,24186,TRA,CALIASSGSWQLIF,TRAV6N-6*01,TRAJ22*01,MusMusculus,SSLENFRAYV,InfluenzaA,1
195,24189,TRA,CALIMNYNQGKLIF,TRAV12D-1*01,TRAJ23*01,MusMusculus,TVYGFCLL,MCMV,1
196,24190,TRA,CALIPNYNQGKLIF,TRAV12D-1*01,TRAJ23*01,MusMusculus,TVYGFCLL,MCMV,1
197,24195,TRA,CALISTASLGKLQF,TRAV9N-4*01,TRAJ24*01,MusMusculus,ASNENMETM,InfluenzaA,1
198,24202,TRA,CALPGTQVVGQLTF,TRAV8N-2*01,TRAJ5*01,MusMusculus,HGIRNASFI,MCMV,1
199,24204,TRA,CALPNSNNRIFF,TRAV9N-4*01,TRAJ31*01,MusMusculus,SSYRRPVGI,InfluenzaA,1
200,24206,TRA,CALPYGSSGNKLIF,TRAV6-4*03,TRAJ32*01,MusMusculus,SSLENFRAYV,InfluenzaA,1
201,24207,TRA,CALQGTGSKLSF,TRAV12N-3*01,TRAJ58*01,MusMusculus,SSYRRPVGI,InfluenzaA,1
202,24208,TRA,CALQGTGSKLSF,TRAV16D/DV11*01,TRAJ58*01,MusMusculus,SSYRRPVGI,InfluenzaA,1
203,24214,TRA,CALRDRGSALGRLHF,TRAV12N-3*01,TRAJ18*01,MusMusculus,HGIRNASFI,MCMV,1
204,24215,TRA,CALRENYNQGKLIF,TRAV12-3*01,TRAJ23*01,MusMusculus,TVYGFCLL,MCMV,1
205,24218,TRA,CALRGDSGGSNAKLTF,TRAV12N-3*01,TRAJ42*01,MusMusculus,SSPPMFRV,MCMV,1
206,24219,TRA,CALRGDSNYQLIW,TRAV12N-3*01,TRAJ33*01,MusMusculus,LSLRNPILV,InfluenzaA,1
207,24222,TRA,CALRMNYNQGKLIF,TRAV12D-1*01,TRAJ23*01,MusMusculus,TVYGFCLL,MCMV,1
208,24235,TRA,CALRSSNTNKVVF,TRAV12N-2*01,TRAJ34*01,MusMusculus,ASNENMETM,InfluenzaA,1
209,24237,TRA,CALRVITGNTGKLIF,TRAV12-3*01,TRAJ37*01,MusMusculus,HGIRNASFI,MCMV,1
210,24242,TRA,CALRYRGSALGRLHF,TRAV6N-6*01,TRAJ18*01,MusMusculus,SSYRRPVGI,InfluenzaA,1
211,24247,TRA,CALSASNTNKVVF,TRAV12-2*01,TRAJ34*01,MusMusculus,SSLENFRAYV,InfluenzaA,1
212,24249,TRA,CALSASNTNKVVF,TRAV12N-3*01,TRAJ34*01,MusMusculus,SSLENFRAYV,InfluenzaA,1
213,24260,TRA,CALSDDPDSGGSNYKLTF,TRAV12N-3*01,TRAJ53*01,MusMusculus,HGIRNASFI,MCMV,1
214,24261,TRA,CALSDGGGSNYKLTF,TRAV12N-3*01,TRAJ53*01,MusMusculus,HGIRNASFI,MCMV,1
215,24262,TRA,CALSDGGTGSKLSF,TRAV12D-1*01,TRAJ58*01,MusMusculus,SSLENFRAYV,InfluenzaA,1
216,24264,TRA,CALSDGTGGYKVVF,TRAV12-1*01,TRAJ12*01,MusMusculus,SSPPMFRV,MCMV,1
217,24266,TRA,CALSDGTGGYKVVF,TRAV6N-6*01,TRAJ12*01,MusMusculus,SSPPMFRV,MCMV,1
218,24268,TRA,CALSDHDTNAYKVIF,TRAV6-5*04,TRAJ30*01,MusMusculus,HGIRNASFI,MCMV,1
219,24270,TRA,CALSDHQGGSAKLIF,TRAV12-3*01,TRAJ57*01,MusMusculus,LSLRNPILV,InfluenzaA,1
220,24274,TRA,CALSDLSSGGSNAKLTF,TRAV12-1*01,TRAJ42*01,MusMusculus,SSLENFRAYV,InfluenzaA,1
221,24283,TRA,CALSDQPTNAYKVIF,TRAV12N-3*01,TRAJ30*01,MusMusculus,SSPPMFRV,MCMV,1
222,24284,TRA,CALSDRDMGYKLTF,TRAV12N-3*01,TRAJ9*01,MusMusculus,TVYGFCLL,MCMV,1
223,24287,TRA,CALSDRDSNYQLIW,TRAV12D-1*01,TRAJ33*01,MusMusculus,HGIRNASFI,MCMV,1
224,24289,TRA,CALSDRDTNTGKLTF,TRAV12D-1*01,TRAJ27*01,MusMusculus,HGIRNASFI,MCMV,1
225,24290,TRA,CALSDRDYAQGLTF,TRAV12N-3*01,TRAJ26*01,MusMusculus,TVYGFCLL,MCMV,1
226,24298,TRA,CALSDRQGGSAKLIF,TRAV12D-1*01,TRAJ57*01,MusMusculus,HGIRNASFI,MCMV,1
227,24299,TRA,CALSDRRSNNRIFF,TRAV6-5*04,TRAJ31*01,MusMusculus,ASNENMETM,InfluenzaA,1
228,24306,TRA,CALSDTGYQNFYF,TRAV12D-1*01,TRAJ49*01,MusMusculus,LSLRNPILV,InfluenzaA,1
229,24308,TRA,CALSDVGGYSNNKLTF,TRAV12D-1*01,TRAJ56*01,MusMusculus,TVYGFCLL,MCMV,1
230,24311,TRA,CALSDYGSSGNKLIF,TRAV12D-1*01,TRAJ32*01,MusMusculus,SSPPMFRV,MCMV,1
231,24324,TRA,CALSEGNYAQGLTF,TRAV12N-3*01,TRAJ26*01,MusMusculus,SSYRRPVGI,InfluenzaA,1
232,24326,TRA,CALSEGTGGYKVVF,TRAV6-5*04,TRAJ12*01,MusMusculus,SSPPMFRV,MCMV,1
233,24328,TRA,CALSENYNQGKLIF,TRAV12D-1*01,TRAJ23*01,MusMusculus,TVYGFCLL,MCMV,1
234,24345,TRA,CALSGGNKVVF,TRAV12D-1*01,TRAJ34*01,MusMusculus,TVYGFCLL,MCMV,1
235,24347,TRA,CALSGGTGGYKVVF,TRAV12-1*01,TRAJ12*01,MusMusculus,HGIRNASFI,MCMV,1
236,24351,TRA,CALSGSGYNKLTF,TRAV9N-4*01,TRAJ11*01,MusMusculus,SSYRRPVGI,InfluenzaA,1
237,24353,TRA,CALSGSNTNKVVF,TRAV12-2*01,TRAJ34*01,MusMusculus,SSLENFRAYV,InfluenzaA,1
238,24356,TRA,CALSGSNTNKVVF,TRAV12N-3*01,TRAJ34*01,MusMusculus,SSLENFRAYV,InfluenzaA,1
239,24357,TRA,CALSGSSGNKLIF,TRAV6-7/DV9*01,TRAJ32*01,MusMusculus,ASNENMETM,InfluenzaA,1
240,24359,TRA,CALSGTGGNNKLTF,TRAV6-7/DV9*01,TRAJ56*01,MusMusculus,HGIRNASFI,MCMV,1
241,24364,TRA,CALSGTNTNKVVF,TRAV12N-3*01,TRAJ34*01,MusMusculus,SSLENFRAYV,InfluenzaA,1
242,24369,TRA,CALSHTGNYKYVF,TRAV12N-3*01,TRAJ40*01,MusMusculus,SSLENFRAYV,InfluenzaA,1
243,24371,TRA,CALSHYGSSGNKLIF,TRAV6-7/DV9*01,TRAJ32*01,MusMusculus,SSPPMFRV,MCMV,1
244,24377,TRA,CALSLYGSSGNKLIF,TRAV6-7/DV9*01,TRAJ32*01,MusMusculus,SSPPMFRV,MCMV,1
245,24379,TRA,CALSMMGGSNAKLTF,TRAV9N-4*01,TRAJ42*01,MusMusculus,SSYRRPVGI,InfluenzaA,1
246,24381,TRA,CALSMVSNNRIFF,TRAV9N-4*01,TRAJ31*01,MusMusculus,SSYRRPVGI,InfluenzaA,1
247,24386,TRA,CALSPINTGNYKYVF,TRAV6-5*04,TRAJ40*01,MusMusculus,SSYRRPVGI,InfluenzaA,1
248,24387,TRA,CALSPPLASSSFSKLVF,TRAV6N-6*01,TRAJ50*01,MusMusculus,LSLRNPILV,InfluenzaA,1
249,24391,TRA,CALSPTGGYKVVF,TRAV12D-1*01,TRAJ12*01,MusMusculus,SSLENFRAYV,InfluenzaA,1
250,24397,TRA,CALSRSNTNKVVF,TRAV12N-3*01,TRAJ34*01,MusMusculus,SSLENFRAYV,InfluenzaA,1
251,24398,TRA,CALSRTGGYKVVF,TRAV12N-3*01,TRAJ12*01,MusMusculus,SSLENFRAYV,InfluenzaA,1
252,24400,TRA,CALSRTNAYKVIF,TRAV12N-3*01,TRAJ30*01,MusMusculus,SSLENFRAYV,InfluenzaA,1
253,24403,TRA,CALSSYGSSGNKLIF,TRAV6N-6*01,TRAJ32*01,MusMusculus,SSPPMFRV,MCMV,1
254,24415,TRA,CALTEGADRLTF,TRAV12N-3*01,TRAJ45*01,MusMusculus,SSYRRPVGI,InfluenzaA,1
255,24418,TRA,CALTENYNQGKLIF,TRAV12D-1*01,TRAJ23*01,MusMusculus,TVYGFCLL,MCMV,1
256,24421,TRA,CALTNYGSSGNKLIF,TRAV12D-1*01,TRAJ32*01,MusMusculus,SSPPMFRV,MCMV,1
257,24424,TRA,CALTPNYNQGKLIF,TRAV12D-1*01,TRAJ23*01,MusMusculus,TVYGFCLL,MCMV,1
258,24432,TRA,CALVEGSGGYKVVF,TRAV6-4*03,TRAJ12*01,MusMusculus,SSPPMFRV,MCMV,1
259,24434,TRA,CALVETGGYKVVF,TRAV6-4*03,TRAJ12*01,MusMusculus,SSPPMFRV,MCMV,1
260,24435,TRA,CALVGGSNYKLTF,TRAV6D-6*02,TRAJ53*01,MusMusculus,SSLENFRAYV,InfluenzaA,1
261,24438,TRA,CALVHYGSSGNKLIF,TRAV6D-4*01,TRAJ32*01,MusMusculus,SSPPMFRV,MCMV,1
262,24439,TRA,CALVIYGSSGNKLIF,TRAV6D-4*01,TRAJ32*01,MusMusculus,SSPPMFRV,MCMV,1
263,24440,TRA,CALVLYNTNTGKLTF,TRAV6-4*03,TRAJ27*01,MusMusculus,SSYRRPVGI,InfluenzaA,1
264,24441,TRA,CALVMNYNQGKLIF,TRAV12D-1*01,TRAJ23*01,MusMusculus,TVYGFCLL,MCMV,1
265,24445,TRA,CALVPSNTNKVVF,TRAV6-4*03,TRAJ34*01,MusMusculus,SSLENFRAYV,InfluenzaA,1
266,24449,TRA,CALVPSNTNKVVF,TRAV6D-4*01,TRAJ34*01,MusMusculus,SSLENFRAYV,InfluenzaA,1
267,24454,TRA,CALVSGGNYKPTF,TRAV6D-6*02,TRAJ6*01,MusMusculus,SSLENFRAYV,InfluenzaA,1
268,24455,TRA,CALWELAGYAQGLTF,TRAV15N-1*01,TRAJ26*01,MusMusculus,TVYGFCLL,MCMV,1
269,24457,TRA,CALWELDSNYQLIW,TRAV15N-1*01,TRAJ33*01,MusMusculus,TVYGFCLL,MCMV,1
270,24458,TRA,CALWELDTNAYKVIF,TRAV15-1/DV6-1*01,TRAJ30*01,MusMusculus,ASNENMETM,InfluenzaA,1
271,24459,TRA,CALWELSAYKVIF,TRAV15-1/DV6-1*01,TRAJ30*01,MusMusculus,SSPPMFRV,MCMV,1
272,24461,TRA,CALWEPMNTGGLSGKLTF,TRAV15N-1*01,TRAJ2*01,MusMusculus,LSLRNPILV,InfluenzaA,1
273,24462,TRA,CALWEPNYNQGKLIF,TRAV15-1/DV6-1*01,TRAJ23*01,MusMusculus,ASNENMETM,InfluenzaA,1
274,24467,TRA,CALYSGGSNYKLTF,TRAV17*01,TRAJ53*01,MusMusculus,SSLENFRAYV,InfluenzaA,1
275,24469,TRA,CALYTEGADRLTF,TRAV16D/DV11*01,TRAJ45*01,MusMusculus,SSYRRPVGI,InfluenzaA,1
276,24476,TRA,CAMGNMGYKLTF,TRAV6D-3*01,TRAJ9*01,MusMusculus,ASNENMETM,InfluenzaA,1
277,24477,TRA,CAMGTQVVGQLTF,TRAV8N-2*01,TRAJ5*01,MusMusculus,HGIRNASFI,MCMV,1
278,24481,TRA,CAMIRSGGSNAKLTF,TRAV16D/DV11*01,TRAJ42*01,MusMusculus,SSLENFRAYV,InfluenzaA,1
279,24483,TRA,CAMRAAGGSNAKLTF,TRAV16N*01,TRAJ42*01,MusMusculus,ASNENMETM,InfluenzaA,1
280,24485,TRA,CAMRAMDSNYQLIW,TRAV16N*01,TRAJ33*01,MusMusculus,ASNENMETM,InfluenzaA,1
281,24487,TRA,CAMRANSGTYQKF,TRAV16N*01,TRAJ13*01,MusMusculus,ASNENMETM,InfluenzaA,1
282,24488,TRA,CAMRANSGTYQRF,TRAV16D/DV11*01,TRAJ13*01,MusMusculus,ASNENMETM,InfluenzaA,1
283,24489,TRA,CAMRANSGTYQRF,TRAV16D/DV11*02,TRAJ13*01,MusMusculus,ASNENMETM,InfluenzaA,1
284,24493,TRA,CAMRANSGTYQRF,TRAV16N*01,TRAJ13*01,MusMusculus,ASNENMETM,InfluenzaA,1
285,24495,TRA,CAMRAPANYGNEKITF,TRAV16D/DV11*01,TRAJ48*01,MusMusculus,SSLENFRAYV,InfluenzaA,1
286,24497,TRA,CAMRAYGSSGNKLIF,TRAV16D/DV11*01,TRAJ32*01,MusMusculus,ASNENMETM,InfluenzaA,1
287,24499,TRA,CAMRDFNTGKLTF,TRAV6D-3*01,TRAJ27*01,MusMusculus,SSYRRPVGI,InfluenzaA,1
288,24501,TRA,CAMRDHAGYQNFYF,TRAV6D-3*01,TRAJ49*01,MusMusculus,SSYRRPVGI,InfluenzaA,1
289,24502,TRA,CAMRDMNSNNRIFF,TRAV16N*01,TRAJ31*01,MusMusculus,ASNENMETM,InfluenzaA,1
290,24504,TRA,CAMRDNTGANTGKLTF,TRAV16D/DV11*01,TRAJ52*01,MusMusculus,HGIRNASFI,MCMV,1
291,24506,TRA,CAMRDPMQQGTGSKLSF,TRAV16D/DV11*01,TRAJ58*01,MusMusculus,ASNENMETM,InfluenzaA,1
292,24511,TRA,CAMRDSGTYQRF,TRAV16N*01,TRAJ13*01,MusMusculus,ASNENMETM,InfluenzaA,1
293,24515,TRA,CAMRDYGSSGNKLIF,TRAV16D/DV11*01,TRAJ32*01,MusMusculus,ASNENMETM,InfluenzaA,1
294,24516,TRA,CAMREAGGSNAKLTF,TRAV16D/DV11*01,TRAJ42*01,MusMusculus,ASNENMETM,InfluenzaA,1
295,24518,TRA,CAMREAGTGYQNFYF,TRAV16D/DV11*01,TRAJ49*01,MusMusculus,SSYRRPVGI,InfluenzaA,1
296,24523,TRA,CAMREANTGKLTF,TRAV6D-3*01,TRAJ27*01,MusMusculus,HGIRNASFI,MCMV,1
297,24526,TRA,CAMREATNSAGNKLTF,TRAV16D/DV11*01,TRAJ17*01,MusMusculus,ASNENMETM,InfluenzaA,1
298,24528,TRA,CAMREDDTNAYKVIF,TRAV16D/DV11*01,TRAJ30*01,MusMusculus,HGIRNASFI,MCMV,1
299,24535,TRA,CAMREGERATGGNNKLTF,TRAV16D/DV11*01,TRAJ56*01,MusMusculus,SSYRRPVGI,InfluenzaA,1
300,24539,TRA,CAMREGGYAQGLTF,TRAV16D/DV11*01,TRAJ26*01,MusMusculus,SSYRRPVGI,InfluenzaA,1
301,24542,TRA,CAMREGKGGGSNYKLTF,TRAV16D/DV11*01,TRAJ53*01,MusMusculus,ASNENMETM,InfluenzaA,1
302,24549,TRA,CAMREGLGNNRIFF,TRAV16D/DV11*01,TRAJ31*01,MusMusculus,LSLRNPILV,InfluenzaA,1
303,24558,TRA,CAMREGRAQGLTF,TRAV16D/DV11*02,TRAJ26*01,MusMusculus,ASNENMETM,InfluenzaA,1
304,24562,TRA,CAMREGRGGGSNYKLTF,TRAV16D/DV11*01,TRAJ53*01,MusMusculus,ASNENMETM,InfluenzaA,1
305,24569,TRA,CAMREGSSSGSWQLIF,TRAV16D/DV11*01,TRAJ22*01,MusMusculus,ASNENMETM,InfluenzaA,1
306,24571,TRA,CAMREGVGYGSSGNKLIF,TRAV16D/DV11*01,TRAJ32*01,MusMusculus,ASNENMETM,InfluenzaA,1
307,24573,TRA,CAMREKGNSGTYQRF,TRAV16N*01,TRAJ13*01,MusMusculus,SSYRRPVGI,InfluenzaA,1
308,24580,TRA,CAMRENVGDNSKLIW,TRAV16D/DV11*01,TRAJ38*01,MusMusculus,SSYRRPVGI,InfluenzaA,1
309,24581,TRA,CAMRENVNTGNYKYVF,TRAV16N*01,TRAJ40*01,MusMusculus,HGIRNASFI,MCMV,1
310,24584,TRA,CAMREPASSGSWQLIF,TRAV16N*01,TRAJ22*01,MusMusculus,ASNENMETM,InfluenzaA,1
311,24590,TRA,CAMRERNSNNRIFF,TRAV16D/DV11*01,TRAJ31*01,MusMusculus,SSYRRPVGI,InfluenzaA,1
312,24591,TRA,CAMRERNYNQGKLIF,TRAV16D/DV11*01,TRAJ23*01,MusMusculus,HGIRNASFI,MCMV,1
313,24593,TRA,CAMRESGGSNAKLTF,TRAV16D/DV11*01,TRAJ42*01,MusMusculus,ASNENMETM,InfluenzaA,1
314,24597,TRA,CAMRETRSGTYQRF,TRAV16N*01,TRAJ13*01,MusMusculus,ASNENMETM,InfluenzaA,1
315,24598,TRA,CAMREVASSSFSKLVF,TRAV16D/DV11*01,TRAJ50*01,MusMusculus,SSPPMFRV,MCMV,1
316,24603,TRA,CAMRGANSGTYQRF,TRAV16N*01,TRAJ13*01,MusMusculus,ASNENMETM,InfluenzaA,1
317,24608,TRA,CAMRGGGGSNAKLTF,TRAV16D/DV11*01,TRAJ42*01,MusMusculus,ASNENMETM,InfluenzaA,1
318,24609,TRA,CAMRGKGNNYAQGLTF,TRAV16N*01,TRAJ26*01,MusMusculus,ASNENMETM,InfluenzaA,1
319,24610,TRA,CAMRGKGNNYAQGLTF,TRAV16N*01,TRAJ26*01,MusMusculus,SSYRRPVGI,InfluenzaA,1
320,24611,TRA,CAMRGNSGGSNYKLTF,TRAV16D/DV11*01,TRAJ53*01,MusMusculus,SSLENFRAYV,InfluenzaA,1
321,24612,TRA,CAMRGNSGTYQRF,TRAV16D/DV11*02,TRAJ13*01,MusMusculus,ASNENMETM,InfluenzaA,1
322,24620,TRA,CAMRGNSGTYQRF,TRAV16D/DV11*01,TRAJ13*01,MusMusculus,ASNENMETM,InfluenzaA,1
323,24621,TRA,CAMRGNSGTYQRF,TRAV16N*01,TRAJ13*01,MusMusculus,ASNENMETM,InfluenzaA,1
324,24623,TRA,CAMRGPYGSSGNKLIF,TRAV16D/DV11*01,TRAJ32*01,MusMusculus,ASNENMETM,InfluenzaA,1
325,24625,TRA,CAMRGSGGSNAKLTF,TRAV16D/DV11*01,TRAJ42*01,MusMusculus,ASNENMETM,InfluenzaA,1
326,24630,TRA,CAMRGSGGSNAKLTF,TRAV16N*01,TRAJ42*01,MusMusculus,ASNENMETM,InfluenzaA,1
327,24639,TRA,CAMRISGGSNAKLTF,TRAV16D/DV11*01,TRAJ42*01,MusMusculus,SSYRRPVGI,InfluenzaA,1
328,24641,TRA,CAMRISGGSNAKLTF,TRAV16N*01,TRAJ42*01,MusMusculus,ASNENMETM,InfluenzaA,1
329,24643,TRA,CAMRLKGNTGKLIF,TRAV16N*01,TRAJ37*01,MusMusculus,ASNENMETM,InfluenzaA,1
330,24648,TRA,CAMRNSGGSNAKLTF,TRAV16N*01,TRAJ42*01,MusMusculus,ASNENMETM,InfluenzaA,1
331,24651,TRA,CAMRQNSGTYQRF,TRAV16D/DV11*02,TRAJ13*01,MusMusculus,ASNENMETM,InfluenzaA,1
332,24653,TRA,CAMRSSGGSNAKLTF,TRAV16N*01,TRAJ42*01,MusMusculus,ASNENMETM,InfluenzaA,1
333,24658,TRA,CAMRVNTGANTGKLTF,TRAV16D/DV11*01,TRAJ52*01,MusMusculus,SSYRRPVGI,InfluenzaA,1
334,24660,TRA,CAMRVSGGSNAKLTF,TRAV16D/DV11*02,TRAJ42*01,MusMusculus,ASNENMETM,InfluenzaA,1
335,24662,TRA,CAMRVSGGSNAKLTF,TRAV16D/DV11*01,TRAJ42*01,MusMusculus,ASNENMETM,InfluenzaA,1
336,24671,TRA,CAMRVSGGSNAKLTF,TRAV16N*01,TRAJ42*01,MusMusculus,ASNENMETM,InfluenzaA,1
337,24674,TRA,CAMRVSSNYQLIW,TRAV16D/DV11*01,TRAJ33*01,MusMusculus,ASNENMETM,InfluenzaA,1
338,24676,TRA,CAMRWNSGTYQRF,TRAV16D/DV11*01,TRAJ13*01,MusMusculus,ASNENMETM,InfluenzaA,1
339,24677,TRA,CAMSDASSSFSKLVF,TRAV6D-3*01,TRAJ50*01,MusMusculus,SSYRRPVGI,InfluenzaA,1
340,24678,TRA,CAMSDGAGGYKVVF,TRAV6D-3*01,TRAJ12*01,MusMusculus,SSPPMFRV,MCMV,1
341,24680,TRA,CAMSDGTGGYKVVF,TRAV6D-3*01,TRAJ12*01,MusMusculus,SSYRRPVGI,InfluenzaA,1
342,24681,TRA,CAMSDPGFASALTF,TRAV6D-3*01,TRAJ35*01,MusMusculus,SSPPMFRV,MCMV,1
343,24685,TRA,CAMSEGTGGYKVVF,TRAV6D-3*01,TRAJ12*01,MusMusculus,SSPPMFRV,MCMV,1
344,24691,TRA,CAMSEGTNYNVLYF,TRAV6D-3*01,TRAJ21*01,MusMusculus,HGIRNASFI,MCMV,1
345,24696,TRA,CAMSETNSAGNKLTF,TRAV6-3*01,TRAJ17*01,MusMusculus,LSLRNPILV,InfluenzaA,1
346,24710,TRA,CAMTNYGSSGNKLIF,TRAV6D-3*01,TRAJ32*01,MusMusculus,SSPPMFRV,MCMV,1
347,24712,TRA,CAMTSYGSSGNKLIF,TRAV6D-3*01,TRAJ32*01,MusMusculus,SSPPMFRV,MCMV,1
348,24716,TRA,CAPHNTNTGKLTF,TRAV9N-4*01,TRAJ27*01,MusMusculus,SSYRRPVGI,InfluenzaA,1
349,24719,TRA,CAPSGTGGYKVVF,TRAV12-2*01,TRAJ12*01,MusMusculus,SSLENFRAYV,InfluenzaA,1
350,24721,TRA,CAPSSGSWQLIF,TRAV8N-2*01,TRAJ22*01,MusMusculus,LSLRNPILV,InfluenzaA,1
351,24722,TRA,CAPTSSGQKLVF,TRAV12N-3*01,TRAJ16*01,MusMusculus,HGIRNASFI,MCMV,1
352,24727,TRA,CARDSGTYQRF,TRAV8N-2*01,TRAJ13*01,MusMusculus,LSLRNPILV,InfluenzaA,1
353,24728,TRA,CARGDSNYQLIW,TRAV16*01,TRAJ33*01,MusMusculus,LSLRNPILV,InfluenzaA,1
354,24733,TRA,CARGYGSSGNKLIF,TRAV8D-1*01,TRAJ32*01,MusMusculus,SSYRRPVGI,InfluenzaA,1
355,24742,TRA,CARNTGNYKYVF,TRAV8N-2*01,TRAJ40*01,MusMusculus,LSLRNPILV,InfluenzaA,1
356,24749,TRA,CASDTNTGKLTF,TRAV12D-1*01,TRAJ27*01,MusMusculus,SSPPMFRV,MCMV,1
357,24753,TRA,CASPASSGSWQLIF,TRAV8N-2*01,TRAJ22*01,MusMusculus,LSLRNPILV,InfluenzaA,1
358,24756,TRA,CASPGTQVVGQLTF,TRAV8D-2*03,TRAJ5*01,MusMusculus,HGIRNASFI,MCMV,1
359,24757,TRA,CASRTGGYKVVF,TRAV8D-1*01,TRAJ12*01,MusMusculus,ASNENMETM,InfluenzaA,1
360,24765,TRA,CATAGTQVVGQLTF,TRAV8D-2*03,TRAJ5*01,MusMusculus,HGIRNASFI,MCMV,1
361,24767,TRA,CATAGTQVVGQLTF,TRAV8N-2*01,TRAJ5*01,MusMusculus,HGIRNASFI,MCMV,1
362,24773,TRA,CATDADNNNAPRF,TRAV8D-2*03,TRAJ43*01,MusMusculus,SSYRRPVGI,InfluenzaA,1
363,24778,TRA,CATDAKTQVVGQLTF,TRAV8D-2*03,TRAJ5*01,MusMusculus,HGIRNASFI,MCMV,1
364,24782,TRA,CATDAQVVGQLTF,TRAV8N-2*01,TRAJ5*01,MusMusculus,HGIRNASFI,MCMV,1
365,24785,TRA,CATDARTQVVGQLTF,TRAV8D-2*03,TRAJ5*01,MusMusculus,HGIRNASFI,MCMV,1
366,24786,TRA,CATDARTQVVGQLTF,TRAV8N-2*01,TRAJ5*01,MusMusculus,HGIRNASFI,MCMV,1
367,24788,TRA,CATDATGNYKYVF,TRAV8D-2*01,TRAJ40*01,MusMusculus,LSLRNPILV,InfluenzaA,1
368,24791,TRA,CATDDYAQGLTF,TRAV8D-2*03,TRAJ26*01,MusMusculus,LSLRNPILV,InfluenzaA,1
369,24792,TRA,CATDEAQVVGQLTF,TRAV8D-2*03,TRAJ5*01,MusMusculus,HGIRNASFI,MCMV,1
370,24801,TRA,CATDGTQVVGQLTF,TRAV8D-2*03,TRAJ5*01,MusMusculus,HGIRNASFI,MCMV,1
371,24804,TRA,CATDMDSNYQLIW,TRAV8D-1*01,TRAJ33*01,MusMusculus,LSLRNPILV,InfluenzaA,1
372,24805,TRA,CATDNTGYQNFYF,TRAV8D-2*03,TRAJ49*01,MusMusculus,HGIRNASFI,MCMV,1
373,24808,TRA,CATDRDSNYQLIW,TRAV8-2*01,TRAJ33*01,MusMusculus,LSLRNPILV,InfluenzaA,1
374,24812,TRA,CATDSGSWQLIF,TRAV8D-1*01,TRAJ22*01,MusMusculus,SSYRRPVGI,InfluenzaA,1
375,24817,TRA,CATDTGNYKYVF,TRAV8D-1*01,TRAJ40*01,MusMusculus,LSLRNPILV,InfluenzaA,1
376,24821,TRA,CATDTGNYKYVF,TRAV8D-2*03,TRAJ40*01,MusMusculus,LSLRNPILV,InfluenzaA,1
377,24826,TRA,CATDYQGGRALIF,TRAV8N-2*01,TRAJ15*01,MusMusculus,SSYRRPVGI,InfluenzaA,1
378,24827,TRA,CATEAQVVGQLTF,TRAV8D-2*03,TRAJ5*01,MusMusculus,HGIRNASFI,MCMV,1
379,24832,TRA,CATETQVVGQLTF,TRAV8D-2*03,TRAJ5*01,MusMusculus,HGIRNASFI,MCMV,1
380,24838,TRA,CATETQVVGQLTF,TRAV8N-2*01,TRAJ5*01,MusMusculus,HGIRNASFI,MCMV,1
381,24846,TRA,CATGDNYAQGLTF,TRAV8D-1*01,TRAJ26*01,MusMusculus,HGIRNASFI,MCMV,1
382,24847,TRA,CATGDQGGRALIF,TRAV8D-2*03,TRAJ15*01,MusMusculus,LSLRNPILV,InfluenzaA,1
383,24854,TRA,CATGSTGNYKYVF,TRAV8N-2*01,TRAJ40*01,MusMusculus,TVYGFCLL,MCMV,1
384,24856,TRA,CATGTQVVGQLTF,TRAV8D-2*03,TRAJ5*01,MusMusculus,HGIRNASFI,MCMV,1
385,24857,TRA,CATGYGSSGNKLIF,TRAV8D-1*01,TRAJ32*01,MusMusculus,ASNENMETM,InfluenzaA,1
386,24859,TRA,CATHDSGYNKLTF,TRAV10*01,TRAJ11*01,MusMusculus,LSLRNPILV,InfluenzaA,1
387,24863,TRA,CATPDQGGRALIF,TRAV8N-2*01,TRAJ15*01,MusMusculus,LSLRNPILV,InfluenzaA,1
388,24865,TRA,CATPGTQVVGQLTF,TRAV8D-2*03,TRAJ5*01,MusMusculus,HGIRNASFI,MCMV,1
389,24869,TRA,CATPRTQVVGQLTF,TRAV8N-2*01,TRAJ5*01,MusMusculus,HGIRNASFI,MCMV,1
390,24870,TRA,CATPSNTNTGKLTF,TRAV8N-2*01,TRAJ27*01,MusMusculus,HGIRNASFI,MCMV,1
391,24871,TRA,CATPTQVVGQLTF,TRAV8D-2*03,TRAJ5*01,MusMusculus,HGIRNASFI,MCMV,1
392,24875,TRA,CATRTGGYKVVF,TRAV8D-1*01,TRAJ12*01,MusMusculus,ASNENMETM,InfluenzaA,1
393,24884,TRA,CATSRYKSSDNKLIF,TRAV14-2*02,TRAJ32*01,MusMusculus,SSPPMFRV,MCMV,1
394,24885,TRA,CATSSGSWQLIF,TRAV8N-2*01,TRAJ22*01,MusMusculus,LSLRNPILV,InfluenzaA,1
395,24886,TRA,CATSTQVVGQLTF,TRAV8D-2*03,TRAJ5*01,MusMusculus,HGIRNASFI,MCMV,1
396,24888,TRA,CATSYAQGLTF,TRAV8-2*01,TRAJ26*01,MusMusculus,LSLRNPILV,InfluenzaA,1
397,24899,TRA,CAVANSNNRIFF,TRAV3N-3*01,TRAJ31*01,MusMusculus,LSLRNPILV,InfluenzaA,1
398,24905,TRA,CAVAYQGGRALIF,TRAV7-3*04,TRAJ15*01,MusMusculus,ASNENMETM,InfluenzaA,1
399,24917,TRA,CAVDTGNYKYVF,TRAV10N*01,TRAJ40*01,MusMusculus,LSLRNPILV,InfluenzaA,1
400,24919,TRA,CAVDYNQGKLIF,TRAV1*01,TRAJ23*01,MusMusculus,SSLENFRAYV,InfluenzaA,1
401,24929,TRA,CAVGGSNAKLTF,TRAV5N-4*01,TRAJ42*01,MusMusculus,HGIRNASFI,MCMV,1
402,24935,TRA,CAVGNNYAQGLTF,TRAV3-3*01,TRAJ26*01,MusMusculus,SSYRRPVGI,InfluenzaA,1
403,24938,TRA,CAVGNNYAQGLTF,TRAV3N-3*01,TRAJ26*01,MusMusculus,SSYRRPVGI,InfluenzaA,1
404,24944,TRA,CAVGNSGTYQRF,TRAV7-5*01,TRAJ13*01,MusMusculus,TVYGFCLL,MCMV,1
405,24946,TRA,CAVGSNYQLIW,TRAV3N-3*01,TRAJ33*01,MusMusculus,SSYRRPVGI,InfluenzaA,1
406,24947,TRA,CAVGTGGYKVVF,TRAV9N-3*01,TRAJ12*01,MusMusculus,TVYGFCLL,MCMV,1
407,24955,TRA,CAVITGNTGKLIF,TRAV5N-4*01,TRAJ37*01,MusMusculus,HGIRNASFI,MCMV,1
408,24956,TRA,CAVITSNMGYKLTF,TRAV9N-3*01,TRAJ9*01,MusMusculus,ASNENMETM,InfluenzaA,1
409,24959,TRA,CAVKGNSAGNKLTF,TRAV3-1*01,TRAJ17*01,MusMusculus,HGIRNASFI,MCMV,1
410,24961,TRA,CAVKSAGNKLTF,TRAV7D-5*01,TRAJ17*01,MusMusculus,SSLENFRAYV,InfluenzaA,1
411,24962,TRA,CAVLNNYAQGLTF,TRAV1*01,TRAJ26*01,MusMusculus,SSYRRPVGI,InfluenzaA,1
412,24965,TRA,CAVLSNYAQGLTF,TRAV7-3*04,TRAJ26*01,MusMusculus,ASNENMETM,InfluenzaA,1
413,24967,TRA,CAVLTGGYKVVF,TRAV7-3*04,TRAJ12*01,MusMusculus,TVYGFCLL,MCMV,1
414,24968,TRA,CAVMSNYAQGLTF,TRAV9N-3*01,TRAJ26*01,MusMusculus,SSLENFRAYV,InfluenzaA,1
415,24973,TRA,CAVNHNYAQGLTF,TRAV3N-3*01,TRAJ26*01,MusMusculus,SSYRRPVGI,InfluenzaA,1
416,24984,TRA,CAVNPGYQNFYF,TRAV7D-5*01,TRAJ49*01,MusMusculus,ASNENMETM,InfluenzaA,1
417,24987,TRA,CAVNSNYQLIW,TRAV3-3*01,TRAJ33*01,MusMusculus,SSYRRPVGI,InfluenzaA,1
418,24990,TRA,CAVNSNYQLIW,TRAV3N-3*01,TRAJ33*01,MusMusculus,SSYRRPVGI,InfluenzaA,1
419,24996,TRA,CAVNYNVLYF,TRAV9N-3*01,TRAJ21*01,MusMusculus,LSLRNPILV,InfluenzaA,1
420,25000,TRA,CAVPNPSGSWQLIF,TRAV3-1*01,TRAJ22*01,MusMusculus,LSLRNPILV,InfluenzaA,1
421,25010,TRA,CAVRAYGSSGNKLIF,TRAV7D-5*01,TRAJ32*01,MusMusculus,SSYRRPVGI,InfluenzaA,1
422,25027,TRA,CAVRDRGSALGRLHF,TRAV1*01,TRAJ18*01,MusMusculus,HGIRNASFI,MCMV,1
423,25041,TRA,CAVRGSALGRLHF,TRAV1*01,TRAJ18*01,MusMusculus,ASNENMETM,InfluenzaA,1
424,25042,TRA,CAVRGTNAYKVIF,TRAV7N-5*01,TRAJ30*01,MusMusculus,ASNENMETM,InfluenzaA,1
425,25044,TRA,CAVRHNSGGSNAKLTF,TRAV3-3*01,TRAJ42*01,MusMusculus,ASNENMETM,InfluenzaA,1
426,25046,TRA,CAVRHTGGLSGKLTF,TRAV7N-4*01,TRAJ2*01,MusMusculus,SSLENFRAYV,InfluenzaA,1
427,25054,TRA,CAVRNRIFF,TRAV7-3*04,TRAJ31*01,MusMusculus,ASNENMETM,InfluenzaA,1
428,25055,TRA,CAVRNYNQGKLIF,TRAV9N-3*01,TRAJ23*01,MusMusculus,SSYRRPVGI,InfluenzaA,1
429,25060,TRA,CAVRPYQGGRALIF,TRAV7N-5*01,TRAJ15*01,MusMusculus,SSPPMFRV,MCMV,1
430,25071,TRA,CAVRVYGSSGNKLIF,TRAV7D-5*01,TRAJ32*01,MusMusculus,ASNENMETM,InfluenzaA,1
431,25078,TRA,CAVSADTNTGKLTF,TRAV3N-3*01,TRAJ27*01,MusMusculus,HGIRNASFI,MCMV,1
432,25083,TRA,CAVSAGGGRALIF,TRAV9-1*02,TRAJ15*01,MusMusculus,SSLENFRAYV,InfluenzaA,1
433,25085,TRA,CAVSAGGNYKYVF,TRAV3-1*01,TRAJ40*01,MusMusculus,SSLENFRAYV,InfluenzaA,1
434,25086,TRA,CAVSAGGSSGNKLIF,TRAV3-4*01,TRAJ32*01,MusMusculus,SSPPMFRV,MCMV,1
435,25091,TRA,CAVSANNYAQGLTF,TRAV3-3*01,TRAJ26*01,MusMusculus,SSYRRPVGI,InfluenzaA,1
436,25099,TRA,CAVSANNYAQGLTF,TRAV3N-3*01,TRAJ26*01,MusMusculus,SSYRRPVGI,InfluenzaA,1
437,25107,TRA,CAVSANSNNRIFF,TRAV3-3*01,TRAJ31*01,MusMusculus,SSYRRPVGI,InfluenzaA,1
438,25116,TRA,CAVSANYAQGLTF,TRAV3-3*01,TRAJ26*01,MusMusculus,SSYRRPVGI,InfluenzaA,1
439,25139,TRA,CAVSANYAQGLTF,TRAV3D-3*02,TRAJ26*01,MusMusculus,SSLENFRAYV,InfluenzaA,1
440,25140,TRA,CAVSANYAQGLTF,TRAV3N-3*01,TRAJ26*01,MusMusculus,SSYRRPVGI,InfluenzaA,1
441,25167,TRA,CAVSANYAQGLTF,TRAV3N-3*01,TRAJ26*01,MusMusculus,HGIRNASFI,MCMV,1
442,25178,TRA,CAVSANYAQGLTF,TRAV3N-3*01,TRAJ26*01,MusMusculus,SSPPMFRV,MCMV,1
443,25180,TRA,CAVSANYAQGLTF,TRAV3N-3*01,TRAJ26*01,MusMusculus,TVYGFCLL,MCMV,1
444,25185,TRA,CAVSANYNVLYF,TRAV3N-3*01,TRAJ21*01,MusMusculus,SSYRRPVGI,InfluenzaA,1
445,25192,TRA,CAVSASGGYKVVF,TRAV9-1*02,TRAJ12*01,MusMusculus,SSLENFRAYV,InfluenzaA,1
446,25193,TRA,CAVSASYAQGLTF,TRAV3-1*01,TRAJ26*01,MusMusculus,TVYGFCLL,MCMV,1
447,25194,TRA,CAVSAVTASLGKLQF,TRAV3-1*01,TRAJ24*01,MusMusculus,LSLRNPILV,InfluenzaA,1
448,25199,TRA,CAVSDNNRIFF,TRAV3N-3*01,TRAJ31*01,MusMusculus,SSYRRPVGI,InfluenzaA,1
449,25212,TRA,CAVSDNYAQGLTF,TRAV3-3*01,TRAJ26*01,MusMusculus,SSYRRPVGI,InfluenzaA,1
450,25224,TRA,CAVSDNYAQGLTF,TRAV3N-3*01,TRAJ26*01,MusMusculus,SSYRRPVGI,InfluenzaA,1
451,25262,TRA,CAVSDNYAQGLTF,TRAV3N-3*01,TRAJ26*01,MusMusculus,ASNENMETM,InfluenzaA,1
452,25268,TRA,CAVSDNYQLIW,TRAV3-3*01,TRAJ33*01,MusMusculus,SSYRRPVGI,InfluenzaA,1
453,25269,TRA,CAVSDNYQLIW,TRAV3N-3*01,TRAJ33*01,MusMusculus,SSYRRPVGI,InfluenzaA,1
454,25271,TRA,CAVSDVGNEKITF,TRAV3-1*01,TRAJ48*01,MusMusculus,SSYRRPVGI,InfluenzaA,1
455,25272,TRA,CAVSDYNYAQGLTF,TRAV7N-4*01,TRAJ26*01,MusMusculus,SSYRRPVGI,InfluenzaA,1
456,25277,TRA,CAVSENYAQGLTF,TRAV3-3*01,TRAJ26*01,MusMusculus,SSYRRPVGI,InfluenzaA,1
457,25279,TRA,CAVSENYAQGLTF,TRAV3D-3*02,TRAJ26*01,MusMusculus,SSLENFRAYV,InfluenzaA,1
458,25285,TRA,CAVSENYAQGLTF,TRAV3N-3*01,TRAJ26*01,MusMusculus,SSYRRPVGI,InfluenzaA,1
459,25290,TRA,CAVSENYNVLYF,TRAV3N-3*01,TRAJ21*01,MusMusculus,SSYRRPVGI,InfluenzaA,1
460,25291,TRA,CAVSETGNTGKLIF,TRAV9N-3*01,TRAJ37*01,MusMusculus,SSYRRPVGI,InfluenzaA,1
461,25292,TRA,CAVSETMGYKLTF,TRAV3-1*01,TRAJ9*01,MusMusculus,LSLRNPILV,InfluenzaA,1
462,25294,TRA,CAVSFASSGSWQLIF,TRAV7N-4*01,TRAJ22*01,MusMusculus,ASNENMETM,InfluenzaA,1
463,25295,TRA,CAVSFNNNNAPRF,TRAV3N-3*01,TRAJ43*01,MusMusculus,SSYRRPVGI,InfluenzaA,1
464,25296,TRA,CAVSFNYAQGLTF,TRAV3N-3*01,TRAJ26*01,MusMusculus,SSYRRPVGI,InfluenzaA,1
465,25297,TRA,CAVSFTGGNNKLTF,TRAV9N-3*01,TRAJ56*01,MusMusculus,SSYRRPVGI,InfluenzaA,1
466,25298,TRA,CAVSFYGSSGNKLIF,TRAV9N-3*01,TRAJ32*01,MusMusculus,SSPPMFRV,MCMV,1
467,25302,TRA,CAVSGDSNYQLIW,TRAV9N-3*01,TRAJ33*01,MusMusculus,SSYRRPVGI,InfluenzaA,1
468,25303,TRA,CAVSGDYQLIW,TRAV3D-3*02,TRAJ33*01,MusMusculus,SSLENFRAYV,InfluenzaA,1
469,25307,TRA,CAVSGGATGGNNKLTF,TRAV3-4*01,TRAJ56*01,MusMusculus,SSLENFRAYV,InfluenzaA,1
470,25329,TRA,CAVSGNYAQGLTF,TRAV3-3*01,TRAJ26*01,MusMusculus,SSYRRPVGI,InfluenzaA,1
471,25356,TRA,CAVSGNYAQGLTF,TRAV3N-3*01,TRAJ26*01,MusMusculus,SSYRRPVGI,InfluenzaA,1
472,25378,TRA,CAVSGNYAQGLTF,TRAV3N-3*01,TRAJ26*01,MusMusculus,ASNENMETM,InfluenzaA,1
473,25422,TRA,CAVSGNYQLIW,TRAV3-3*01,TRAJ33*01,MusMusculus,SSYRRPVGI,InfluenzaA,1
474,25427,TRA,CAVSGNYQLIW,TRAV3N-3*01,TRAJ33*01,MusMusculus,SSYRRPVGI,InfluenzaA,1
475,25428,TRA,CAVSGSALGRLHF,TRAV7-3*04,TRAJ18*01,MusMusculus,LSLRNPILV,InfluenzaA,1
476,25434,TRA,CAVSGWNSNNRIFF,TRAV9N-3*01,TRAJ31*01,MusMusculus,SSYRRPVGI,InfluenzaA,1
477,25435,TRA,CAVSHNTNTGKLTF,TRAV9-1*02,TRAJ27*01,MusMusculus,SSLENFRAYV,InfluenzaA,1
478,25437,TRA,CAVSHNYAQGLTF,TRAV3-3*01,TRAJ26*01,MusMusculus,SSYRRPVGI,InfluenzaA,1
479,25442,TRA,CAVSHNYAQGLTF,TRAV3N-3*01,TRAJ26*01,MusMusculus,SSYRRPVGI,InfluenzaA,1
480,25461,TRA,CAVSISNYNVLYF,TRAV7N-5*01,TRAJ21*01,MusMusculus,SSYRRPVGI,InfluenzaA,1
481,25462,TRA,CAVSITASLGKLQF,TRAV7N-5*01,TRAJ24*01,MusMusculus,SSYRRPVGI,InfluenzaA,1
482,25468,TRA,CAVSLNSNNRIFF,TRAV3-3*01,TRAJ31*01,MusMusculus,SSYRRPVGI,InfluenzaA,1
483,25469,TRA,CAVSLNTNTGKLTF,TRAV9-1*02,TRAJ27*01,MusMusculus,SSLENFRAYV,InfluenzaA,1
484,25474,TRA,CAVSLNYAQGLTF,TRAV3N-3*01,TRAJ26*01,MusMusculus,SSYRRPVGI,InfluenzaA,1
485,25477,TRA,CAVSLNYNQGKLIF,TRAV7D-5*01,TRAJ23*01,MusMusculus,SSLENFRAYV,InfluenzaA,1
486,25479,TRA,CAVSLTASLGKLQF,TRAV3-1*01,TRAJ24*01,MusMusculus,SSYRRPVGI,InfluenzaA,1
487,25485,TRA,CAVSMGGTGSKLSF,TRAV9N-3*01,TRAJ58*01,MusMusculus,SSYRRPVGI,InfluenzaA,1
488,25487,TRA,CAVSMPGYQNFYF,TRAV9N-3*01,TRAJ49*01,MusMusculus,SSYRRPVGI,InfluenzaA,1
489,25490,TRA,CAVSMRNSGTYQRF,TRAV9N-3*01,TRAJ13*01,MusMusculus,ASNENMETM,InfluenzaA,1
490,25494,TRA,CAVSNNNNAPRF,TRAV3-3*01,TRAJ43*01,MusMusculus,SSYRRPVGI,InfluenzaA,1
491,25496,TRA,CAVSNNYAQGLTF,TRAV3-3*01,TRAJ26*01,MusMusculus,SSYRRPVGI,InfluenzaA,1
492,25504,TRA,CAVSNNYAQGLTF,TRAV3N-3*01,TRAJ26*01,MusMusculus,SSYRRPVGI,InfluenzaA,1
493,25538,TRA,CAVSNTGYQNFYF,TRAV7-1*01,TRAJ49*01,MusMusculus,ASNENMETM,InfluenzaA,1
494,25542,TRA,CAVSPATGGNNKLTF,TRAV7D-5*01,TRAJ56*01,MusMusculus,ASNENMETM,InfluenzaA,1
495,25544,TRA,CAVSPGSNYQLIW,TRAV7N-6*01,TRAJ33*01,MusMusculus,SSLENFRAYV,InfluenzaA,1
496,25546,TRA,CAVSPLASSSFSKLVF,TRAV7-3*04,TRAJ50*01,MusMusculus,SSYRRPVGI,InfluenzaA,1
497,25547,TRA,CAVSPNSGGGNAKLTF,TRAV7N-5*01,TRAJ42*01,MusMusculus,TVYGFCLL,MCMV,1
498,25548,TRA,CAVSPNSGGSNAKLTF,TRAV7N-5*01,TRAJ42*01,MusMusculus,TVYGFCLL,MCMV,1
499,25555,TRA,CAVSRNTEGADRLTF,TRAV9N-3*01,TRAJ45*01,MusMusculus,SSYRRPVGI,InfluenzaA,1
500,25558,TRA,CAVSRNYAQGLTF,TRAV3N-3*01,TRAJ26*01,MusMusculus,SSYRRPVGI,InfluenzaA,1
501,25564,TRA,CAVSRYGSSGNKLIF,TRAV7D-5*01,TRAJ32*01,MusMusculus,SSPPMFRV,MCMV,1
502,25585,TRA,CAVSSNYAQGLTF,TRAV3-3*01,TRAJ26*01,MusMusculus,SSYRRPVGI,InfluenzaA,1
503,25591,TRA,CAVSSNYAQGLTF,TRAV3N-3*01,TRAJ26*01,MusMusculus,SSYRRPVGI,InfluenzaA,1
504,25604,TRA,CAVSSNYNVLYF,TRAV3-3*01,TRAJ21*01,MusMusculus,SSYRRPVGI,InfluenzaA,1
505,25613,TRA,CAVSSNYQLIW,TRAV3-3*01,TRAJ33*01,MusMusculus,SSYRRPVGI,InfluenzaA,1
506,25624,TRA,CAVSSNYQLIW,TRAV3N-3*01,TRAJ33*01,MusMusculus,SSYRRPVGI,InfluenzaA,1
507,25628,TRA,CAVSSSSFSKLVF,TRAV7N-5*01,TRAJ50*01,MusMusculus,SSPPMFRV,MCMV,1
508,25631,TRA,CAVSSYGSSGNKLIF,TRAV9N-3*01,TRAJ32*01,MusMusculus,SSPPMFRV,MCMV,1
509,25633,TRA,CAVSTNAYKVIF,TRAV3N-3*01,TRAJ30*01,MusMusculus,SSYRRPVGI,InfluenzaA,1
510,25636,TRA,CAVSTNYAQGLTF,TRAV3N-3*01,TRAJ26*01,MusMusculus,SSYRRPVGI,InfluenzaA,1
511,25645,TRA,CAVSVNYAQGLTF,TRAV3-3*01,TRAJ26*01,MusMusculus,SSYRRPVGI,InfluenzaA,1
512,25648,TRA,CAVSVNYAQGLTF,TRAV3N-3*01,TRAJ26*01,MusMusculus,SSYRRPVGI,InfluenzaA,1
513,25664,TRA,CAVSYNYAQGLTF,TRAV3-3*01,TRAJ26*01,MusMusculus,SSYRRPVGI,InfluenzaA,1
514,25673,TRA,CAVTEGADRLTF,TRAV12N-3*01,TRAJ45*01,MusMusculus,SSYRRPVGI,InfluenzaA,1
515,25678,TRA,CAVTGNTGKLIF,TRAV5N-4*01,TRAJ37*01,MusMusculus,HGIRNASFI,MCMV,1
516,25681,TRA,CAVTHNYAQGLTF,TRAV3N-3*01,TRAJ26*01,MusMusculus,SSYRRPVGI,InfluenzaA,1
517,25683,TRA,CAVTLNYAQGLTF,TRAV3-3*01,TRAJ26*01,MusMusculus,SSYRRPVGI,InfluenzaA,1
518,25699,TRA,CAVTSYQGGRALIF,TRAV3-1*01,TRAJ15*01,MusMusculus,ASNENMETM,InfluenzaA,1
519,25705,TRA,CAVWANAYKVIF,TRAV4-2*02,TRAJ30*01,MusMusculus,ASNENMETM,InfluenzaA,1
520,25726,TRA,CGITGNTGKLIF,TRAV5N-4*01,TRAJ37*01,MusMusculus,HGIRNASFI,MCMV,1
521,25734,TRA,CILMEGATGGNNKLTF,TRAV21/DV12*01,TRAJ56*01,MusMusculus,SSLENFRAYV,InfluenzaA,1
522,25735,TRA,CILNGGSNYKLTF,TRAV21/DV12*01,TRAJ53*01,MusMusculus,SSLENFRAYV,InfluenzaA,1
523,25738,TRA,CILREGATGGNNKLTF,TRAV21/DV12*01,TRAJ56*01,MusMusculus,SSLENFRAYV,InfluenzaA,1
524,25742,TRA,CILRVARQGTGSKLSF,TRAV21/DV12*01,TRAJ58*01,MusMusculus,SSPPMFRV,MCMV,1
525,25747,TRA,CILRVGATGGNNKLTF,TRAV21/DV12*01,TRAJ56*01,MusMusculus,SSLENFRAYV,InfluenzaA,1
526,25777,TRA,CILSRGSNYKLTF,TRAV21/DV12*01,TRAJ53*01,MusMusculus,SSLENFRAYV,InfluenzaA,1
527,25783,TRA,CIVTDDNYAQGLTF,TRAV2*01,TRAJ26*01,MusMusculus,ASNENMETM,InfluenzaA,1
528,25785,TRA,CIVTEAHRGSALGRLHF,TRAV2*01,TRAJ18*01,MusMusculus,SSYRRPVGI,InfluenzaA,1
529,25790,TRA,CPTPGTQVVGQLTF,TRAV8D-2*03,TRAJ5*01,MusMusculus,HGIRNASFI,MCMV,1
530,25795,TRA,CSAKEASSGSWQLIF,TRAV5-1*01,TRAJ22*01,MusMusculus,HGIRNASFI,MCMV,1
531,25807,TRA,CVCYSGGSNYKLTF,TRAV9N-2*01,TRAJ53*01,MusMusculus,SSLENFRAYV,InfluenzaA,1
532,25810,TRA,CVGNSNYQLIW,TRAV11*02,TRAJ33*01,MusMusculus,SSYRRPVGI,InfluenzaA,1
533,25813,TRA,CVLGDGTGGYKVVF,TRAV6-1*01,TRAJ12*01,MusMusculus,SSPPMFRV,MCMV,1
534,25815,TRA,CVLGDRAGGYKVVF,TRAV6-1*01,TRAJ12*01,MusMusculus,HGIRNASFI,MCMV,1
535,25817,TRA,CVLGDSGGSNAKLTF,TRAV6-1*01,TRAJ42*01,MusMusculus,SSPPMFRV,MCMV,1
536,25818,TRA,CVLGDSNYQLIW,TRAV6-2*01,TRAJ33*01,MusMusculus,TVYGFCLL,MCMV,1
537,25819,TRA,CVLGEGTGGYKVVF,TRAV6-1*01,TRAJ12*01,MusMusculus,SSPPMFRV,MCMV,1
538,25820,TRA,CVLGIEYYAQGLTF,TRAV6-2*01,TRAJ26*01,MusMusculus,TVYGFCLL,MCMV,1
539,25821,TRA,CVLGPSSNYQLIW,TRAV6-2*01,TRAJ33*01,MusMusculus,SSLENFRAYV,InfluenzaA,1
540,25823,TRA,CVLGTTASLGKLQF,TRAV6-1*01,TRAJ24*01,MusMusculus,LSLRNPILV,InfluenzaA,1
541,25827,TRA,CVLGYNTNTGKLTF,TRAV6-2*01,TRAJ27*01,MusMusculus,SSLENFRAYV,InfluenzaA,1
542,25832,TRA,CVLRSSNTNKVVF,TRAV13-5*01,TRAJ34*01,MusMusculus,ASNENMETM,InfluenzaA,1
543,25833,TRA,CVLSAASNNRIFF,TRAV9N-2*01,TRAJ31*01,MusMusculus,ASNENMETM,InfluenzaA,1
544,25834,TRA,CVLSADTNTGKLTF,TRAV9N-2*01,TRAJ27*01,MusMusculus,TVYGFCLL,MCMV,1
545,25837,TRA,CVLSAGNTNKVVF,TRAV9N-2*01,TRAJ34*01,MusMusculus,SSLENFRAYV,InfluenzaA,1
546,25844,TRA,CVLSARLQNTEGADRLTF,TRAV9N-2*01,TRAJ45*01,MusMusculus,SSLENFRAYV,InfluenzaA,1
547,25845,TRA,CVLSARNNRIFF,TRAV9N-2*01,TRAJ31*01,MusMusculus,SSLENFRAYV,InfluenzaA,1
548,25846,TRA,CVLSARTEGADRLTF,TRAV9N-2*01,TRAJ45*01,MusMusculus,SSLENFRAYV,InfluenzaA,1
549,25850,TRA,CVLSASSNNRIFF,TRAV9N-2*01,TRAJ31*01,MusMusculus,ASNENMETM,InfluenzaA,1
550,25862,TRA,CVLSGGSNYKLTF,TRAV9N-2*01,TRAJ53*01,MusMusculus,SSLENFRAYV,InfluenzaA,1
551,25865,TRA,CVLSHYGSSGNKLIF,TRAV9N-2*01,TRAJ32*01,MusMusculus,SSPPMFRV,MCMV,1
552,25866,TRA,CVLSLDSNYQLIW,TRAV9N-2*01,TRAJ33*01,MusMusculus,SSLENFRAYV,InfluenzaA,1
553,25867,TRA,CVLSLYGSSGNKLIF,TRAV9N-2*01,TRAJ32*01,MusMusculus,SSPPMFRV,MCMV,1
554,25873,TRA,CVVEDFGGSNAKLTF,TRAV11*02,TRAJ42*01,MusMusculus,TVYGFCLL,MCMV,1
555,25874,TRA,CVVEDSGGSNAKLTF,TRAV11*02,TRAJ42*01,MusMusculus,TVYGFCLL,MCMV,1
556,25879,TRA,CVVGENYGSSGNKLIF,TRAV11*02,TRAJ32*01,MusMusculus,TVYGFCLL,MCMV,1
557,25880,TRA,CVVGLNYGSSGNKLIF,TRAV11*02,TRAJ32*01,MusMusculus,SSPPMFRV,MCMV,1
558,25887,TRA,CVVQDSNYQLIW,TRAV11*02,TRAJ33*01,MusMusculus,SSYRRPVGI,InfluenzaA,1
559,0,TRA,CALPSNSAGNKLTF,TRAV12-3*01,TRAJ17*01,MusMusculus,SQLLNAKYL,PlasmodiumBerghei,1
560,0,TRA,CVLSRGGKLIF,TRAV9N-2*01,TRAJ23*01,MusMusculus,SQLLNAKYL,PlasmodiumBerghei,1
561,0,TRA,CVLSRGGKLIF,TRAV13-5*01,TRAJ23*01,MusMusculus,SQLLNAKYL,PlasmodiumBerghei,1
562,0,TRA,CAAVFYGSSGNKLIF,TRAV7D-4*01,TRAJ32*01,MusMusculus,SQLLNAKYL,PlasmodiumBerghei,1
563,0,TRA,CALSDQGTNTGKLTF,TRAV6-7/DV9*01,TRAJ27*01,MusMusculus,SQLLNAKYL,PlasmodiumBerghei,1
564,0,TRA,CAAATSSGQKLVF,TRAV4D-4*01,TRAJ16*01,MusMusculus,SQLLNAKYL,PlasmodiumBerghei,1
565,0,TRA,CALSDQGTNTGKLTF,TRAV6D-7*01,TRAJ27*01,MusMusculus,SQLLNAKYL,PlasmodiumBerghei,1
566,0,TRA,CAGQGGSAKLIF,TRAV9-1*01,TRAJ57*01,MusMusculus,SQLLNAKYL,PlasmodiumBerghei,1
567,0,TRA,CAAEETGANTGKLTF,TRAV4D-4*01,TRAJ52*01,MusMusculus,SQLLNAKYL,PlasmodiumBerghei,1
568,0,TRA,CAASEGTNAYKVIF,TRAV10*01,TRAJ30*01,MusMusculus,SQLLNAKYL,PlasmodiumBerghei,1
569,0,TRA,CAAYGNEKITF,TRAV10*01,TRAJ48*01,MusMusculus,SQLLNAKYL,PlasmodiumBerghei,1
570,0,TRA,CALLITGNTGKLIF,TRAV9D-3*01,TRAJ37*01,MusMusculus,SQLLNAKYL,PlasmodiumBerghei,1
571,0,TRA,CAANSGGSNAKLTF,TRAV9D-4*01,TRAJ42*01,MusMusculus,SQLLNAKYL,PlasmodiumBerghei,1
572,0,TRA,CAASPITGNTGKLIF,TRAV7D-4*01,TRAJ37*01,MusMusculus,SQLLNAKYL,PlasmodiumBerghei,1
573,0,TRA,CAVSTDAGAKLTF,TRAV9N-3*01,TRAJ39*01,MusMusculus,SQLLNAKYL,PlasmodiumBerghei,1
574,0,TRA,CVVGDRGSALGRLHF,TRAV11*01,TRAJ18*01,MusMusculus,SQLLNAKYL,PlasmodiumBerghei,1
575,0,TRA,CALNNNNAPRF,TRAV12-3*01,TRAJ43*01,MusMusculus,SQLLNAKYL,PlasmodiumBerghei,1
576,0,TRA,CALGSLNQGGSAKLIF,TRAV12D-1*01,TRAJ57*01,MusMusculus,SQLLNAKYL,PlasmodiumBerghei,1
577,0,TRA,CATGNEKITF,TRAV8D-1*01,TRAJ48*01,MusMusculus,SQLLNAKYL,PlasmodiumBerghei,1
578,0,TRA,CALSDQNSGGSNYKLTF,TRAV12-2*01,TRAJ53*01,MusMusculus,SQLLNAKYL,PlasmodiumBerghei,1
579,0,TRA,CATDHMQQGTGSKLSF,TRAV8-2*01,TRAJ58*01,MusMusculus,SQLLNAKYL,PlasmodiumBerghei,1
580,0,TRA,CVLTNTEGADRLTF,TRAV13-5*01,TRAJ45*01,MusMusculus,SQLLNAKYL,PlasmodiumBerghei,1
581,0,TRA,CATPGGNYKPTF,TRAV8D-2*01,TRAJ6*01,MusMusculus,SQLLNAKYL,PlasmodiumBerghei,1
582,0,TRA,CAARGYNQGKLIF,TRAV14-2*01,TRAJ23*01,MusMusculus,SQLLNAKYL,PlasmodiumBerghei,1
583,0,TRA,CATSDTNAYKVIF,TRAV8-2*01,TRAJ30*01,MusMusculus,SQLLNAKYL,PlasmodiumBerghei,1
