,complex.id,gene_x,cdr3_a_aa,v_a_gene,j_a_gene,species,epitope,antigen.species,vdjdb.score,gene_y,cdr3_b_aa,v_b_gene,j_b_gene
0,15,TRA,CAVAGYGGSQGNLIF,TRAV12-2*01,TRAJ42*01,HomoSapiens,ELAGIGILTV,HomoSapiens,1,TRB,CASSPQGLGTEAFF,TRBV28*01,TRBJ1-1*01
1,114,TRA,CAGAGSQGNLIF,TRAV27*01,TRAJ42*01,HomoSapiens,GILGFVFTL,InfluenzaA,3,TRB,CASSSRSSYEQYF,TRBV19*01,TRBJ2-7*01
2,138,TRA,CAGAGSQGNLIF,TRAV27*01,TRAJ42*01,HomoSapiens,GILGFVFTL,InfluenzaA,3,TRB,CASSSRASYEQYF,TRBV19*01,TRBJ2-7*01
3,146,TRA,CARNTGNQFYF,TRAV24*01,TRAJ49*01,HomoSapiens,NLVPMVATV,CMV,3,TRB,CASSPVTGGIYGYTF,TRBV6-5*01,TRBJ1-2*01
4,148,TRA,CAVNVAGKSTF,TRAV12-2*01,TRAJ27*01,HomoSapiens,ELAGIGILTV,HomoSapiens,3,TRB,CAWSETGLGTGELFF,TRBV30*01,TRBJ2-2*01
5,156,TRA,CAEDNNARLMF,TRAV5*01,TRAJ31*01,HomoSapiens,GLCTLVAML,EBV,3,TRB,CSARDGTGNGYTF,TRBV20-1*01,TRBJ1-2*01
6,159,TRA,CAVNFGGGKLIF,TRAV12-2*01,TRAJ23*01,HomoSapiens,ELAGIGILTV,HomoSapiens,3,TRB,CASSLSFGTEAFF,TRBV6-4*01,TRBJ1-1*01
7,161,TRA,CAGGTGNQFYF,TRAV35*01,TRAJ49*01,HomoSapiens,ELAGIGILTV,HomoSapiens,3,TRB,CAISEVGVGQPQHF,TRBV10-3*01,TRBJ1-5*01
8,181,TRA,CAVNDGGRLTF,TRAV12-2*01,TRAJ27*01,HomoSapiens,ELAGIGILTV,HomoSapiens,3,TRB,CAWSETGLGMGGWQF,TRBV30*01,TRBJ2-2*01
9,184,TRA,CAVNFGGGKLIF,TRAV12-2*01,TRAJ23*01,HomoSapiens,ELAGIGILTV,HomoSapiens,3,TRB,CASSWSFGTEAFF,TRBV6-4*01,TRBJ1-1*01
10,204,TRA,CAFITGNQFYF,TRAV24*01,TRAJ49*01,HomoSapiens,NLVPMVATV,CMV,3,TRB,CASSQTQLWETQYF,TRBV7-2*01,TRBJ2-5*01
11,205,TRA,CILDNNNDMRF,TRAV26-2*01,TRAJ43*01,HomoSapiens,NLVPMVATV,CMV,3,TRB,CASSLAPGTTNEKLFF,TRBV7-6*01,TRBJ1-4*01
12,256,TRA,CAGPGGSSNTGKLIF,TRAV35*01,TRAJ37*01,HomoSapiens,GILGFVFTL,InfluenzaA,3,TRB,CASSLIYPGELFF,TRBV27*01,TRBJ2-2*01
13,257,TRA,CAVTKYSWGKLQF,TRAV12-2*01,TRAJ24*01,HomoSapiens,ELAGIGILTV,HomoSapiens,3,TRB,CASRPGWMAGGVELYF,TRBV6-5*01,TRBJ2-7*01
14,259,TRA,CAGAIGPSNTGKLIF,TRAV27*01,TRAJ37*01,HomoSapiens,GILGFVFTL,InfluenzaA,3,TRB,CASSIRSSYEQYF,TRBV19*01,TRBJ2-7*01
15,263,TRA,CAFDTNAGKSTF,TRAV24*01,TRAJ27*01,HomoSapiens,GILGFVFTL,InfluenzaA,3,TRB,CASSIFGQREQYF,TRBV19*01,TRBJ2-7*01
16,265,TRA,CAWGVNAGGTSYGKLTF,TRAV38-2/DV8*01,TRAJ52*01,HomoSapiens,GILGFVFTL,InfluenzaA,3,TRB,CASSIGVYGYTF,TRBV19*01,TRBJ1-2*01
17,266,TRA,CAYGEDDKIIF,TRAV38-2/DV8*01,TRAJ30*01,HomoSapiens,KLVALGINAV,HCV,3,TRB,CASRRGPYEQYF,TRBV25-1*01,TRBJ2-7*01
18,274,TRA,CAVGGGADGLTF,TRAV12-2*01,TRAJ45*01,HomoSapiens,ELAGIGILTV,HomoSapiens,3,TRB,CASSQGLAGAGELFF,TRBV19*01,TRBJ2-2*01
19,278,TRA,CAGGGGADGLTF,TRAV12-2*01,TRAJ45*01,HomoSapiens,ELAGIGILTV,HomoSapiens,3,TRB,CASSQGLAGAGELFF,TRBV19*01,TRBJ2-2*01
20,281,TRA,CAASFIIQGAQKLVF,TRAV13-1*01,TRAJ54*01,HomoSapiens,GILGFVFTL,InfluenzaA,3,TRB,CASSLLGGWSEAFF,TRBV27*01,TRBJ1-1*01
21,292,TRA,CAYGEDDKIIF,TRAV38-2/DV8*01,TRAJ30*01,HomoSapiens,KLVALGINAV,HCV,3,TRB,CASRRGSAELYF,TRBV25-1*01,TRBJ2-7*01
22,346,TRA,CAVNRDDKIIF,TRAV12-2*01,TRAJ30*01,HomoSapiens,YLQPRTFLL,SARS-CoV-2,3,TRB,CASSPDIEQYF,TRBV7-9*01,TRBJ2-7*01
23,347,TRA,CVVNRNNDMRF,TRAV12-1*01,TRAJ43*01,HomoSapiens,YLQPRTFLL,SARS-CoV-2,3,TRB,CAGQVTNTGELFF,TRBV19*01,TRBJ2-2*01
24,445,TRA,CAGPMKTSYDKVIF,TRAV35*01,TRAJ50*01,HomoSapiens,NLVPMVATV,CMV,2,TRB,CASSSANYGYTF,TRBV12-4*01,TRBJ1-2*01
25,455,TRA,CASYAGGTSYGKLTF,TRAV38-2/DV8*01,TRAJ52*01,HomoSapiens,KLVALGINAV,HCV,3,TRB,CASSPAPSASSYEQYF,TRBV4-1*01,TRBJ2-7*01
26,456,TRA,CATHTGKLIF,TRAV38-2/DV8*01,TRAJ37*01,HomoSapiens,KLVALGINAV,HCV,3,TRB,CASSWSASYEQYF,TRBV19*01,TRBJ2-7*01
27,457,TRA,CAVGSNSGYALNF,TRAV8-3*01,TRAJ41*01,HomoSapiens,KLVALGINAV,HCV,3,TRB,CASSSSWADTQYF,TRBV9*01,TRBJ2-3*01
28,458,TRA,CAYGDDKIIF,TRAV38-2/DV8*01,TRAJ30*01,HomoSapiens,KLVALGINAV,HCV,3,TRB,CASGQGQETQYF,TRBV25-1*01,TRBJ2-5*01
29,459,TRA,CAYLGGADGLTF,TRAV38-2/DV8*01,TRAJ45*01,HomoSapiens,KLVALGINAV,HCV,3,TRB,CASSMGANEQFF,TRBV19*01,TRBJ2-1*01
30,460,TRA,CAYLVYDMRF,TRAV38-2/DV8*01,TRAJ43*01,HomoSapiens,KLVALGINAV,HCV,3,TRB,CASSLAQGQPQHF,TRBV27*01,TRBJ1-5*01
31,462,TRA,CAYYGGSQGNLIF,TRAV38-2/DV8*01,TRAJ42*01,HomoSapiens,KLVALGINAV,HCV,3,TRB,CASTNRQEGQETQYF,TRBV13*01,TRBJ2-5*01
32,463,TRA,CAEIGTDKLIF,TRAV5*01,TRAJ34*01,HomoSapiens,KLVALGINAV,HCV,3,TRB,CSANSRTGLGYTF,TRBV20-1*01,TRBJ1-2*01
33,464,TRA,CAHNTGNQFYF,TRAV38-2/DV8*01,TRAJ49*01,HomoSapiens,KLVALGINAV,HCV,3,TRB,CASSYGSYEQYF,TRBV6-6*01,TRBJ2-7*01
34,466,TRA,CARDAGNMLTF,TRAV38-2/DV8*01,TRAJ39*01,HomoSapiens,KLVALGINAV,HCV,3,TRB,CASSLEGSYEQYF,TRBV7-9*01,TRBJ2-7*01
35,468,TRA,CAYDDMRF,TRAV38-2/DV8*01,TRAJ43*01,HomoSapiens,KLVALGINAV,HCV,3,TRB,CASSSRHEGEDTEAFF,TRBV11-2*01,TRBJ1-1*01
36,469,TRA,CAYFGGGADGLTF,TRAV38-2/DV8*01,TRAJ45*01,HomoSapiens,KLVALGINAV,HCV,3,TRB,CASREDGASGSPDTQYF,TRBV2*01,TRBJ2-3*01
37,470,TRA,CAYGDDKIIF,TRAV38-2/DV8*01,TRAJ30*01,HomoSapiens,KLVALGINAV,HCV,3,TRB,CASKMGAEAFF,TRBV25-1*01,TRBJ1-1*01
38,471,TRA,CAYKDTASKLTF,TRAV38-2/DV8*01,TRAJ44*01,HomoSapiens,KLVALGINAV,HCV,3,TRB,CASSLGGDIQYF,TRBV12-3*01,TRBJ2-4*01
39,472,TRA,CAYKPDTPLVF,TRAV38-2/DV8*01,TRAJ29*01,HomoSapiens,KLVALGINAV,HCV,3,TRB,CASTGGLGYTF,TRBV25-1*01,TRBJ1-2*01
40,473,TRA,CAYNAGNMLTF,TRAV38-2/DV8*01,TRAJ39*01,HomoSapiens,KLVALGINAV,HCV,3,TRB,CASSYQSGNTEAFF,TRBV13*01,TRBJ1-1*01
41,474,TRA,CAYPGGGADGLTF,TRAV38-2/DV8*01,TRAJ45*01,HomoSapiens,KLVALGINAV,HCV,3,TRB,CASNRGDGYTF,TRBV25-1*01,TRBJ1-2*01
42,475,TRA,CAYRDDKIIF,TRAV38-2/DV8*01,TRAJ30*01,HomoSapiens,KLVALGINAV,HCV,3,TRB,CASSIALSDNYGYTF,TRBV19*01,TRBJ1-2*01
43,476,TRA,CAYREGAQKLVF,TRAV38-2/DV8*01,TRAJ54*01,HomoSapiens,KLVALGINAV,HCV,3,TRB,CAWSINSAEAFF,TRBV30*01,TRBJ1-1*01
44,477,TRA,CAYREVNDMRF,TRAV38-2/DV8*01,TRAJ43*01,HomoSapiens,KLVALGINAV,HCV,3,TRB,CASSDSYGYTF,TRBV25-1*01,TRBJ1-2*01
45,479,TRA,CAYVQDDKIIF,TRAV38-2/DV8*01,TRAJ30*01,HomoSapiens,KLVALGINAV,HCV,3,TRB,CASSQGSYEQYF,TRBV19*01,TRBJ2-7*01
46,480,TRA,CAYYGGNQFYF,TRAV38-2/DV8*01,TRAJ49*01,HomoSapiens,KLVALGINAV,HCV,3,TRB,CQAGDTEAFF,TRBV25-1*01,TRBJ1-1*01
47,481,TRA,CATYSGGGADGLTF,TRAV38-2/DV8*01,TRAJ45*01,HomoSapiens,KLVALGINAV,HCV,3,TRB,CASSYTGELFF,TRBV6-6*01,TRBJ2-2*01
48,482,TRA,CAVSDLEPNSSASKIIF,TRAV8-4*01,TRAJ3*01,HomoSapiens,KLVALGINAV,HCV,3,TRB,CASSFGADTQYF,TRBV25-1*01,TRBJ2-3*01
49,483,TRA,CAYKDNDMRF,TRAV38-2/DV8*01,TRAJ43*01,HomoSapiens,KLVALGINAV,HCV,3,TRB,CASSAETQYF,TRBV25-1*01,TRBJ2-5*01
50,484,TRA,CAYNDGNQFYF,TRAV38-2/DV8*01,TRAJ49*01,HomoSapiens,KLVALGINAV,HCV,3,TRB,CASSSPHRDSYSPLHF,TRBV18*01,TRBJ1-6*01
51,485,TRA,CAYNDMRF,TRAV38-2/DV8*01,TRAJ43*01,HomoSapiens,KLVALGINAV,HCV,3,TRB,CASSQETQYF,TRBV25-1*01,TRBJ2-5*01
52,486,TRA,CAYRDDYKLSF,TRAV38-2/DV8*01,TRAJ20*01,HomoSapiens,KLVALGINAV,HCV,3,TRB,CASSIGQYEQYF,TRBV19*01,TRBJ2-7*01
53,487,TRA,CIPEGRKLTF,TRAV26-1*01,TRAJ56*01,HomoSapiens,KLVALGINAV,HCV,3,TRB,CASSYRGSGNTIYF,TRBV28*01,TRBJ1-3*01
54,488,TRA,CAEGGGSYIPTF,TRAV5*01,TRAJ6*01,HomoSapiens,KLVALGINAV,HCV,3,TRB,CASSEGDTEAFF,TRBV25-1*01,TRBJ1-1*01
55,489,TRA,CALLSSNTGKLIF,TRAV12-3*01,TRAJ37*01,HomoSapiens,KLVALGINAV,HCV,3,TRB,CASSVEGIDEKLFF,TRBV9*01,TRBJ1-4*01
56,490,TRA,CALSEPYSGAGSYQLTF,TRAV19*01,TRAJ28*01,HomoSapiens,KLVALGINAV,HCV,3,TRB,CATSSGDLSSGANVLTF,TRBV15*01,TRBJ2-6*01
57,493,TRA,CACPPGDYKLSF,TRAV24*01,TRAJ20*01,HomoSapiens,NLVPMVATV,CMV,2,TRB,CASSLDIPSYNEQFF,TRBV7-8*01,TRBJ2-1*01
58,521,TRA,CATVGTASKLTF,TRAV17*01,TRAJ44*01,HomoSapiens,NLVPMVATV,CMV,3,TRB,CASSLWLNEQFF,TRBV7-2*01,TRBJ2-1*01
59,522,TRA,CARNTGNQFYF,TRAV24*01,TRAJ49*01,HomoSapiens,NLVPMVATV,CMV,3,TRB,CASSPKTGASYGYTF,TRBV6-5*01,TRBJ1-2*01
60,523,TRA,CVVGYGQFYF,TRAV10*01,TRAJ49*01,HomoSapiens,NLVPMVATV,CMV,3,TRB,CASSFVSFDEQFF,TRBV28*01,TRBJ2-1*01
61,524,TRA,CAGPMKTSYDKVIF,TRAV35*01,TRAJ50*01,HomoSapiens,NLVPMVATV,CMV,3,TRB,CASSSAYYGYTF,TRBV12-4*01,TRBJ1-2*01
62,525,TRA,CAASRKGSNYKLTF,TRAV13-1*01,TRAJ53*01,HomoSapiens,NLVPMVATV,CMV,3,TRB,CASSADSYGANVLTF,TRBV10-1*01,TRBJ2-6*01
63,526,TRA,CAVRWGGKLSF,TRAV3*01,TRAJ20*01,HomoSapiens,NLVPMVATV,CMV,3,TRB,CSVDPGHTGEKLFF,TRBV29-1*01,TRBJ1-4*01
64,527,TRA,CAEIPNYGGSQGNLIF,TRAV5*01,TRAJ42*01,HomoSapiens,NLVPMVATV,CMV,3,TRB,CASSLVGGRHGYTF,TRBV12-4*01,TRBJ1-2*01
65,528,TRA,CAESSASKIIF,TRAV5*01,TRAJ3*01,HomoSapiens,NLVPMVATV,CMV,3,TRB,CASSHDPTWGPGNTIYF,TRBV3-1*01,TRBJ1-3*01
66,529,TRA,CAVRDRWSGGYQKVTF,TRAV1-2*01,TRAJ13*01,HomoSapiens,NLVPMVATV,CMV,3,TRB,CASSFGQGSSPLHF,TRBV27*01,TRBJ1-6*01
67,530,TRA,CAVRVSGGYNKLIF,TRAV1-2*01,TRAJ4*01,HomoSapiens,NLVPMVATV,CMV,3,TRB,CASSLETVNTEAFF,TRBV7-6*01,TRBJ1-1*01
68,531,TRA,CAVTLNNNAGNMLTF,TRAV12-2*01,TRAJ39*01,HomoSapiens,NLVPMVATV,CMV,3,TRB,CASSSFYDSNEKLFF,TRBV7-9*01,TRBJ1-4*01
69,532,TRA,CALSPRTQGGSEKLVF,TRAV19*01,TRAJ57*01,HomoSapiens,NLVPMVATV,CMV,3,TRB,CASSLASPGHFTGELFF,TRBV7-6*01,TRBJ2-2*01
70,533,TRA,CAFNRDDKIIF,TRAV24*01,TRAJ30*01,HomoSapiens,NLVPMVATV,CMV,3,TRB,CASRRQGTVYEQYF,TRBV28*01,TRBJ2-7*01
71,534,TRA,CAGTNTGGFKTIF,TRAV27*01,TRAJ9*01,HomoSapiens,NLVPMVATV,CMV,3,TRB,CASRIELPGAGELFF,TRBV7-8*01,TRBJ2-2*01
72,535,TRA,CAASGTQTGANNLFF,TRAV29/DV5*01,TRAJ36*01,HomoSapiens,NLVPMVATV,CMV,3,TRB,CASSLGFLGPAAGNTIYF,TRBV7-2*01,TRBJ1-3*01
73,536,TRA,CAVYGNNRLAF,TRAV5*01,TRAJ7*01,HomoSapiens,NLVPMVATV,CMV,3,TRB,CSARDHGGDYGYTF,TRBV20-1*01,TRBJ1-2*01
74,537,TRA,CAVRDRDNYGQNFVF,TRAV1-1*01,TRAJ26*01,HomoSapiens,NLVPMVATV,CMV,3,TRB,CASSLEVTGLNTEAFF,TRBV5-5*01,TRBJ1-1*01
75,538,TRA,CAVMDSSYKLIF,TRAV1-2*01,TRAJ12*01,HomoSapiens,NLVPMVATV,CMV,3,TRB,CASSDSGEAGELFF,TRBV6-4*01,TRBJ2-2*01
76,539,TRA,CAVRSLNSGNTPLVF,TRAV1-2*01,TRAJ29*01,HomoSapiens,NLVPMVATV,CMV,3,TRB,CSGGQDYNEQFF,TRBV29-1*01,TRBJ2-1*01
77,540,TRA,CAVLDSNYQLIW,TRAV1-2*01,TRAJ33*01,HomoSapiens,NLVPMVATV,CMV,3,TRB,CASSEDSGGYNEQFF,TRBV6-1*01,TRBJ2-1*01
78,541,TRA,CAVRDSNYQLIW,TRAV1-2*01,TRAJ33*01,HomoSapiens,NLVPMVATV,CMV,3,TRB,CASSDSTSGGNEQFF,TRBV6-4*01,TRBJ2-1*01
79,542,TRA,CAVTDSNYQLIW,TRAV1-2*01,TRAJ33*01,HomoSapiens,NLVPMVATV,CMV,3,TRB,CSARDMASGRNEQYF,TRBV20-1*01,TRBJ2-7*01
80,543,TRA,CAVWGNTGKLIF,TRAV1-2*01,TRAJ37*01,HomoSapiens,NLVPMVATV,CMV,3,TRB,CASSPGGGMNTEAFF,TRBV5-5*01,TRBJ1-1*01
81,544,TRA,CAVHTGTASKLTF,TRAV1-2*01,TRAJ44*01,HomoSapiens,NLVPMVATV,CMV,3,TRB,CASSFDPGSYGYTF,TRBV27*01,TRBJ1-2*01
82,545,TRA,CVVSIAGNNRKLIW,TRAV10*01,TRAJ38*01,HomoSapiens,NLVPMVATV,CMV,3,TRB,CASSPASGSLFF,TRBV12-3*01,TRBJ2-1*01
83,546,TRA,CVVHAGNMLTF,TRAV10*01,TRAJ39*01,HomoSapiens,NLVPMVATV,CMV,3,TRB,CASSEGLGGALYGYTF,TRBV6-1*01,TRBJ1-2*01
84,547,TRA,CVVNEGPGAGSYQLTF,TRAV12-1*01,TRAJ28*01,HomoSapiens,NLVPMVATV,CMV,3,TRB,CASSPDYDQETQYF,TRBV7-9*01,TRBJ2-5*01
85,548,TRA,CVAPTNFGNEKLTF,TRAV12-1*01,TRAJ48*01,HomoSapiens,NLVPMVATV,CMV,3,TRB,CASTHGTSGEDTQYF,TRBV12-4*01,TRBJ2-3*01
86,549,TRA,CAVLTLNARLMF,TRAV12-2*01,TRAJ31*01,HomoSapiens,NLVPMVATV,CMV,3,TRB,CASLPTGTNTGELFF,TRBV12-4*01,TRBJ2-2*01
87,550,TRA,CAASDQTGANNLFF,TRAV29/DV5*01,TRAJ36*01,HomoSapiens,NLVPMVATV,CMV,3,TRB,CASSLQGASGYTF,TRBV6-5*01,TRBJ1-2*01
88,551,TRA,CAVSGTYKYIF,TRAV12-2*01,TRAJ40*01,HomoSapiens,NLVPMVATV,CMV,3,TRB,CASTGGGALGTEAFF,TRBV14*01,TRBJ1-1*01
89,552,TRA,CAVPVQTSYDKVIF,TRAV12-2*01,TRAJ50*01,HomoSapiens,NLVPMVATV,CMV,3,TRB,CASSSAYYGYTF,TRBV12-4*01,TRBJ1-2*01
90,553,TRA,CAAILADYKLSF,TRAV13-1*01,TRAJ20*01,HomoSapiens,NLVPMVATV,CMV,3,TRB,CASSIVAGGYNEQFF,TRBV19*01,TRBJ2-1*01
91,554,TRA,CAASFIHNQGGKLIF,TRAV13-1*01,TRAJ23*01,HomoSapiens,NLVPMVATV,CMV,3,TRB,CASSRDRTGRANYGYTF,TRBV7-7*01,TRBJ1-2*01
92,555,TRA,CAASYNTNAGKSTF,TRAV13-1*01,TRAJ27*01,HomoSapiens,NLVPMVATV,CMV,3,TRB,CASSPRTSFETQYF,TRBV7-6*01,TRBJ2-5*01
93,556,TRA,CAATPPPSYDKVIF,TRAV13-1*01,TRAJ50*01,HomoSapiens,NLVPMVATV,CMV,3,TRB,CASSPGTFRYTF,TRBV12-4*01,TRBJ1-2*01
94,557,TRA,CASLETSYDKVIF,TRAV13-1*01,TRAJ50*01,HomoSapiens,NLVPMVATV,CMV,3,TRB,CASSPTDRGNTGELFF,TRBV5-4*01,TRBJ2-2*01
95,558,TRA,CAADTLLNAGGTSYGKLTF,TRAV13-1*01,TRAJ52*01,HomoSapiens,NLVPMVATV,CMV,3,TRB,CASSGRGFLNYGYTF,TRBV5-6*01,TRBJ1-2*01
96,559,TRA,CAAPYSGGSNYKLTF,TRAV13-1*01,TRAJ53*01,HomoSapiens,NLVPMVATV,CMV,3,TRB,CASSLVGTGELFF,TRBV7-3*01,TRBJ2-2*01
97,560,TRA,CAESPAGTALIF,TRAV13-2*01,TRAJ15*01,HomoSapiens,NLVPMVATV,CMV,3,TRB,CASSHGAAAGETEAFF,TRBV3-1*01,TRBJ1-1*01
98,561,TRA,CAMREGQYNFNKFYF,TRAV14/DV4*01,TRAJ21*01,HomoSapiens,NLVPMVATV,CMV,3,TRB,CASGSGLAGNEQFF,TRBV12-5*01,TRBJ2-1*01
99,562,TRA,CAMREGHTNAGKSTF,TRAV14/DV4*01,TRAJ27*01,HomoSapiens,NLVPMVATV,CMV,3,TRB,CASSQVAGGAGGPREYNEQFF,TRBV4-3*01,TRBJ2-1*01
100,563,TRA,CAMREDSIGNTPLVF,TRAV14/DV4*01,TRAJ29*01,HomoSapiens,NLVPMVATV,CMV,3,TRB,CASSVGLGFTDTQYF,TRBV19*01,TRBJ2-3*01
101,564,TRA,CAMREGGNYQLIW,TRAV14/DV4*01,TRAJ33*01,HomoSapiens,NLVPMVATV,CMV,3,TRB,CASSEARQGLDTEAFF,TRBV2*01,TRBJ1-1*01
102,565,TRA,CAMRVFLNSGGSNYKLTF,TRAV14/DV4*01,TRAJ53*01,HomoSapiens,NLVPMVATV,CMV,3,TRB,CASSLFAGAETQYF,TRBV27*01,TRBJ2-5*01
103,566,TRA,CAMRELLNSGGSNYKLTF,TRAV14/DV4*01,TRAJ53*01,HomoSapiens,NLVPMVATV,CMV,3,TRB,CASRKLAGPTDTQYF,TRBV4-2*01,TRBJ2-3*01
104,568,TRA,CATDPQFYF,TRAV17*01,TRAJ49*01,HomoSapiens,NLVPMVATV,CMV,3,TRB,CASSLESWGRAYNEQFF,TRBV5-6*01,TRBJ2-1*01
105,569,TRA,CVLASGGSYIPTF,TRAV10*01,TRAJ6*01,HomoSapiens,NLVPMVATV,CMV,3,TRB,CASLAGVRTDTQYF,TRBV12-3*01,TRBJ2-3*01
106,570,TRA,CALIPVYNQGGKLIF,TRAV19*01,TRAJ23*01,HomoSapiens,NLVPMVATV,CMV,3,TRB,CASSNFLGQGDEKLFF,TRBV7-9*01,TRBJ1-4*01
107,571,TRA,CALSEFRGNTPLVF,TRAV19*01,TRAJ29*01,HomoSapiens,NLVPMVATV,CMV,3,TRB,CASSEPIGTGGNQPQHF,TRBV2*01,TRBJ1-5*01
108,572,TRA,CALGYSSASKIIF,TRAV19*01,TRAJ3*01,HomoSapiens,NLVPMVATV,CMV,3,TRB,CASRQENSGNTIYF,TRBV5-6*01,TRBJ1-3*01
109,573,TRA,CALITALNNAGNMLTF,TRAV19*01,TRAJ39*01,HomoSapiens,NLVPMVATV,CMV,3,TRB,CASSSQGWGRVYSEQFF,TRBV5-6*01,TRBJ2-1*01
110,574,TRA,CALSEENTSGTYKYIF,TRAV19*01,TRAJ40*01,HomoSapiens,NLVPMVATV,CMV,3,TRB,CSATPSGYGYTF,TRBV20-1*01,TRBJ1-2*01
111,575,TRA,CALSETLTSGTYKYIF,TRAV19*01,TRAJ40*01,HomoSapiens,NLVPMVATV,CMV,3,TRB,CASSVEVGTGDNEQFF,TRBV9*01,TRBJ2-1*01
112,576,TRA,CALSETHLGGSQGNLIF,TRAV19*01,TRAJ42*01,HomoSapiens,NLVPMVATV,CMV,3,TRB,CASSIQKAGYNEQFF,TRBV19*01,TRBJ2-1*01
113,577,TRA,CAVTYNNNDMRF,TRAV20*01,TRAJ43*01,HomoSapiens,NLVPMVATV,CMV,3,TRB,CAAGTRTDTQYF,TRBV2*01,TRBJ2-3*01
114,578,TRA,CAVNQAGTALIF,TRAV21*01,TRAJ15*01,HomoSapiens,NLVPMVATV,CMV,3,TRB,CASSVDSGSTNEQFF,TRBV11-3*01,TRBJ2-1*01
115,579,TRA,CAVRSDQAGTALIF,TRAV21*01,TRAJ15*01,HomoSapiens,NLVPMVATV,CMV,3,TRB,CASSLGTGELFF,TRBV5-6*01,TRBJ2-2*01
116,580,TRA,CAVGLDRGSTLGRLYF,TRAV21*01,TRAJ18*01,HomoSapiens,NLVPMVATV,CMV,3,TRB,CASSLSGVPHNNEQFF,TRBV27*01,TRBJ2-1*01
117,581,TRA,CAVRSTFNFNKFYF,TRAV21*01,TRAJ21*01,HomoSapiens,NLVPMVATV,CMV,3,TRB,CASSQTRTSGRVDPDTQYF,TRBV3-1*01,TRBJ2-3*01
118,582,TRA,CAVRGDNYGQNFVF,TRAV21*01,TRAJ26*01,HomoSapiens,NLVPMVATV,CMV,3,TRB,CASRRPGGDTEAFF,TRBV27*01,TRBJ1-1*01
119,583,TRA,CAVIGSAGKSTF,TRAV21*01,TRAJ27*01,HomoSapiens,NLVPMVATV,CMV,3,TRB,CASSLNSGLYNEQFF,TRBV5-6*01,TRBJ2-1*01
120,584,TRA,CAVWRAGNMLTF,TRAV21*01,TRAJ39*01,HomoSapiens,NLVPMVATV,CMV,3,TRB,CASSLNGRADTQYF,TRBV27*01,TRBJ2-3*01
121,585,TRA,CAVLNSNSGYALNF,TRAV21*01,TRAJ41*01,HomoSapiens,NLVPMVATV,CMV,3,TRB,CASSRQESYGYTF,TRBV5-6*01,TRBJ1-2*01
122,586,TRA,CAVSLYNNNDMRF,TRAV21*01,TRAJ43*01,HomoSapiens,NLVPMVATV,CMV,3,TRB,CAISEQEDQPQHF,TRBV10-3*01,TRBJ1-5*01
123,587,TRA,CAVRLIQGAQKLVF,TRAV21*01,TRAJ54*01,HomoSapiens,NLVPMVATV,CMV,3,TRB,CASSVEGQGDTEAFF,TRBV9*01,TRBJ1-1*01
124,588,TRA,CAALITQGGSEKLVF,TRAV21*01,TRAJ57*01,HomoSapiens,NLVPMVATV,CMV,3,TRB,CASSPLRGVYYNEQFF,TRBV9*01,TRBJ2-1*01
125,589,TRA,CAVHTQGGSEKLVF,TRAV21*01,TRAJ57*01,HomoSapiens,NLVPMVATV,CMV,3,TRB,CASTPYRRGPHLYGYTF,TRBV7-9*01,TRBJ1-2*01
126,590,TRA,CAASRGSGAGSYQLTF,TRAV23/DV6*01,TRAJ28*01,HomoSapiens,NLVPMVATV,CMV,3,TRB,CASSLVVMGTGFTDTQYF,TRBV12-3*01,TRBJ2-3*01
127,591,TRA,CALNQAGTALIF,TRAV24*01,TRAJ15*01,HomoSapiens,NLVPMVATV,CMV,3,TRB,CASSLAQQGLAEAFF,TRBV7-6*01,TRBJ1-1*01
128,592,TRA,CARNTGNQFYF,TRAV24*01,TRAJ49*01,HomoSapiens,NLVPMVATV,CMV,3,TRB,CASSPSTGTIYGYTF,TRBV6-5*01,TRBJ1-2*01
129,593,TRA,CAGFNDYKLSF,TRAV25*01,TRAJ20*01,HomoSapiens,NLVPMVATV,CMV,3,TRB,CAISESRSRVTDTQYF,TRBV10-3*01,TRBJ2-3*01
130,594,TRA,CTRGYARYNFNKFYF,TRAV26-1*01,TRAJ21*01,HomoSapiens,NLVPMVATV,CMV,3,TRB,CASSPSDYGYTF,TRBV7-3*01,TRBJ1-2*01
131,595,TRA,CIAGGSQGNLIF,TRAV26-1*01,TRAJ42*01,HomoSapiens,NLVPMVATV,CMV,3,TRB,CAISEYPPTGRKADTQYF,TRBV10-3*01,TRBJ2-3*01
132,596,TRA,CIVSDIQGAQKLVF,TRAV26-1*01,TRAJ54*01,HomoSapiens,NLVPMVATV,CMV,3,TRB,CASSQVGTVYGYTF,TRBV4-1*01,TRBJ1-2*01
133,597,TRA,CIAVSQGGSEKLVF,TRAV26-1*01,TRAJ57*01,HomoSapiens,NLVPMVATV,CMV,3,TRB,CSAADRGLGETQYF,TRBV20-1*01,TRBJ2-5*01
134,598,TRA,CIVRVGYTGFQKLVF,TRAV26-1*01,TRAJ8*01,HomoSapiens,NLVPMVATV,CMV,3,TRB,CASRGTGGGSGQPQHF,TRBV4-1*01,TRBJ1-5*01
135,599,TRA,CSGTPGLPRDDKIIF,TRAV27*01,TRAJ30*01,HomoSapiens,NLVPMVATV,CMV,3,TRB,CASSYDRGPREGYTF,TRBV4-1*01,TRBJ1-2*01
136,600,TRA,CAGGHGGSQGNLIF,TRAV27*01,TRAJ42*01,HomoSapiens,NLVPMVATV,CMV,3,TRB,CASSTRSTGELFF,TRBV19*01,TRBJ2-2*01
137,601,TRA,CAAENQGGKLIF,TRAV29/DV5*01,TRAJ23*01,HomoSapiens,NLVPMVATV,CMV,3,TRB,CASSLRGQGFYEQFF,TRBV5-4*01,TRBJ2-1*01
138,602,TRA,CAASFAGNTPLVF,TRAV29/DV5*01,TRAJ29*01,HomoSapiens,NLVPMVATV,CMV,3,TRB,CSGDRSSDTQYF,TRBV29-1*01,TRBJ2-3*01
139,603,TRA,CAAEDNTDKLIF,TRAV29/DV5*01,TRAJ34*01,HomoSapiens,NLVPMVATV,CMV,3,TRB,CASSPSWGEVNTEAFF,TRBV27*01,TRBJ1-1*01
140,604,TRA,CAASGTQTGANNLFF,TRAV29/DV5*01,TRAJ36*01,HomoSapiens,NLVPMVATV,CMV,3,TRB,CASSPGYGSSGNTIYF,TRBV4-3*01,TRBJ1-3*01
141,605,TRA,CAASIGAGNMLTF,TRAV29/DV5*01,TRAJ39*01,HomoSapiens,NLVPMVATV,CMV,3,TRB,CASSPPGLPGYTF,TRBV18*01,TRBJ1-2*01
142,606,TRA,CAASGLNNNAGNMLTF,TRAV29/DV5*01,TRAJ39*01,HomoSapiens,NLVPMVATV,CMV,3,TRB,CASSPGQLQETQYF,TRBV14*01,TRBJ2-5*01
143,607,TRA,CAAPTGFGNEKLTF,TRAV29/DV5*01,TRAJ48*01,HomoSapiens,NLVPMVATV,CMV,3,TRB,CASSSGLAGVETGELFF,TRBV5-1*01,TRBJ2-2*01
144,608,TRA,CAAYTGNQFYF,TRAV29/DV5*01,TRAJ49*01,HomoSapiens,NLVPMVATV,CMV,3,TRB,CASSLQVWNEQFF,TRBV27*01,TRBJ2-1*01
145,609,TRA,CAAKGGSEKLVF,TRAV29/DV5*01,TRAJ57*01,HomoSapiens,NLVPMVATV,CMV,3,TRB,CASSLQGIGAKNIQYF,TRBV5-1*01,TRBJ2-4*01
146,610,TRA,CAGYYGQNFVF,TRAV3*01,TRAJ26*01,HomoSapiens,NLVPMVATV,CMV,3,TRB,CASSFQGYTEAFF,TRBV28*01,TRBJ1-1*01
147,611,TRA,CAVRERNAGNNRKLIW,TRAV3*01,TRAJ38*01,HomoSapiens,NLVPMVATV,CMV,3,TRB,CASSSGGLSEQYF,TRBV27*01,TRBJ2-7*01
148,612,TRA,CAVRERNAGNNRKLIW,TRAV3*01,TRAJ38*01,HomoSapiens,NLVPMVATV,CMV,3,TRB,CSARGADTQYF,TRBV20-1*01,TRBJ2-3*01
149,613,TRA,CAVRDRNNAGNMLTF,TRAV3*01,TRAJ39*01,HomoSapiens,NLVPMVATV,CMV,3,TRB,CASSSGGLSEQYF,TRBV27*01,TRBJ2-7*01
150,614,TRA,CAGQRAYSGAGSYQLTF,TRAV35*01,TRAJ28*01,HomoSapiens,NLVPMVATV,CMV,3,TRB,CASSLELAAWETQYF,TRBV5-1*01,TRBJ2-5*01
151,615,TRA,CAVRPNAGGTSYGKLTF,TRAV36/DV7*01,TRAJ52*01,HomoSapiens,NLVPMVATV,CMV,3,TRB,CSARDLRLLANTGELFF,TRBV20-1*01,TRBJ2-2*01
152,616,TRA,CAFMIHAGGTSYGKLTF,TRAV38-1*01,TRAJ52*01,HomoSapiens,NLVPMVATV,CMV,3,TRB,CASSTGSYGYTF,TRBV19*01,TRBJ1-2*01
153,617,TRA,CAYSTNAGGTSYGKLTF,TRAV38-1*01,TRAJ52*01,HomoSapiens,NLVPMVATV,CMV,3,TRB,CASSSGIYGYTF,TRBV19*01,TRBJ1-2*01
154,618,TRA,CAFMKPKGGSNYKLTF,TRAV38-1*01,TRAJ53*01,HomoSapiens,NLVPMVATV,CMV,3,TRB,CASSLAGFTGELFF,TRBV27*01,TRBJ2-2*01
155,620,TRA,CARLHQTGANNLFF,TRAV38-2/DV8*01,TRAJ36*01,HomoSapiens,NLVPMVATV,CMV,3,TRB,CASSEGYIYEQYF,TRBV2*01,TRBJ2-7*01
156,621,TRA,CAYRSPNYGGSQGNLIF,TRAV38-2/DV8*01,TRAJ42*01,HomoSapiens,NLVPMVATV,CMV,3,TRB,CASSYASNQPQHF,TRBV6-2*01,TRBJ1-5*01
157,622,TRA,CAYISNNDMRF,TRAV38-2/DV8*01,TRAJ43*01,HomoSapiens,NLVPMVATV,CMV,3,TRB,CAISVSGTRVYNEQFF,TRBV10-3*01,TRBJ2-1*01
158,623,TRA,CAWAQGGSEKLVF,TRAV38-2/DV8*01,TRAJ57*01,HomoSapiens,NLVPMVATV,CMV,3,TRB,CASSLGQGNSPLHF,TRBV7-9*01,TRBJ1-6*01
159,624,TRA,CASSALGSEKLVF,TRAV38-2/DV8*01,TRAJ57*01,HomoSapiens,NLVPMVATV,CMV,3,TRB,CASSLKAGNQPQHF,TRBV4-1*01,TRBJ1-5*01
160,625,TRA,CAVPLYGGATNKLIF,TRAV39*01,TRAJ32*01,HomoSapiens,NLVPMVATV,CMV,3,TRB,CASSVGTLYSGANVLTF,TRBV9*01,TRBJ2-6*01
161,627,TRA,CLVGDIQGGGGKLIF,TRAV4*01,TRAJ23*01,HomoSapiens,NLVPMVATV,CMV,3,TRB,CSVEGDTGELFF,TRBV29-1*01,TRBJ2-2*01
162,628,TRA,CLVGDSYSSASKIIF,TRAV4*01,TRAJ3*01,HomoSapiens,NLVPMVATV,CMV,3,TRB,CASSQGLAGEVYTGELFF,TRBV5-1*01,TRBJ2-2*01
163,629,TRA,CLVGSPVPFSGGYNKLIF,TRAV4*01,TRAJ4*01,HomoSapiens,NLVPMVATV,CMV,3,TRB,CASSLDRPSGMAAETQYF,TRBV5-1*01,TRBJ2-5*01
164,630,TRA,CLVGSSEGFQKLVF,TRAV4*01,TRAJ8*01,HomoSapiens,NLVPMVATV,CMV,3,TRB,CASSINRDLLNGYTF,TRBV5-1*01,TRBJ1-2*01
165,631,TRA,CAVRSNFGNEKLTF,TRAV41*01,TRAJ48*01,HomoSapiens,NLVPMVATV,CMV,3,TRB,CASSYWDRTTSGNTIYF,TRBV6-6*01,TRBJ1-3*01
166,632,TRA,CAEKLAGTALIF,TRAV5*01,TRAJ15*01,HomoSapiens,NLVPMVATV,CMV,3,TRB,CASSHTSGNGDTQYF,TRBV5-1*01,TRBJ2-3*01
167,633,TRA,CAESIRSFNKFYF,TRAV5*01,TRAJ21*01,HomoSapiens,NLVPMVATV,CMV,3,TRB,CASSDSRANTGELFF,TRBV25-1*01,TRBJ2-2*01
168,634,TRA,CAESINQGGKLIF,TRAV5*01,TRAJ23*01,HomoSapiens,NLVPMVATV,CMV,3,TRB,CSARLPRDYSNQPQHF,TRBV20-1*01,TRBJ1-5*01
169,635,TRA,CADGLRTGFQKLVF,TRAV5*01,TRAJ8*01,HomoSapiens,NLVPMVATV,CMV,3,TRB,CASSLAEKANTGELFF,TRBV4-1*01,TRBJ2-2*01
170,636,TRA,CALSGYSTLTF,TRAV6*01,TRAJ11*01,HomoSapiens,NLVPMVATV,CMV,3,TRB,CSILGSNAGPQETQYF,TRBV29-1*01,TRBJ2-5*01
171,637,TRA,CALGGNNRLAF,TRAV6*01,TRAJ7*01,HomoSapiens,NLVPMVATV,CMV,3,TRB,CAIDRVGTGELFF,TRBV30*01,TRBJ2-2*01
172,638,TRA,CAVNAGNNRKLIW,TRAV8-1*01,TRAJ38*01,HomoSapiens,NLVPMVATV,CMV,3,TRB,CASTGSVSTDTQYF,TRBV6-6*01,TRBJ2-3*01
173,639,TRA,CAVKNGGSQGNLIF,TRAV8-1*01,TRAJ42*01,HomoSapiens,NLVPMVATV,CMV,3,TRB,CASSRGHPLQFF,TRBV13*01,TRBJ2-1*01
174,640,TRA,CAVGNAITSSSDKLIF,TRAV8-3*01,TRAJ34*01,HomoSapiens,NLVPMVATV,CMV,3,TRB,CASSISAGVGVGQETQYF,TRBV19*01,TRBJ2-5*01
175,641,TRA,CAVGAAEYGNKLVF,TRAV8-3*01,TRAJ47*01,HomoSapiens,NLVPMVATV,CMV,3,TRB,CASSLVGGPSVQFF,TRBV7-9*01,TRBJ2-1*01
176,642,TRA,CAVRMGGGAGYSTLTF,TRAV8-4*01,TRAJ11*01,HomoSapiens,NLVPMVATV,CMV,3,TRB,CATSDSAGYNEQFF,TRBV24-1*01,TRBJ2-1*01
177,643,TRA,CAVTSYARLMF,TRAV8-4*01,TRAJ31*01,HomoSapiens,NLVPMVATV,CMV,3,TRB,CASSVTGTEADEQFF,TRBV5-1*01,TRBJ2-1*01
178,644,TRA,CAVSPSNTGKLIF,TRAV8-4*01,TRAJ37*01,HomoSapiens,NLVPMVATV,CMV,3,TRB,CASSPPGTSGGRNEQFF,TRBV11-2*01,TRBJ2-1*01
179,645,TRA,CAVTDNNNNDMRF,TRAV8-4*01,TRAJ43*01,HomoSapiens,NLVPMVATV,CMV,3,TRB,CASSDRLENNEKLFF,TRBV6-1*01,TRBJ1-4*01
180,646,TRA,CAVSEGSNFGNEKLTF,TRAV8-4*01,TRAJ48*01,HomoSapiens,NLVPMVATV,CMV,3,TRB,CASTRESTDTQYF,TRBV2*01,TRBJ2-3*01
181,647,TRA,CAVSGANDYKLSF,TRAV8-6*01,TRAJ20*01,HomoSapiens,NLVPMVATV,CMV,3,TRB,CASSLGGTGWTEAFF,TRBV27*01,TRBJ1-1*01
182,648,TRA,CAVRGAGYALNF,TRAV8-6*01,TRAJ41*01,HomoSapiens,NLVPMVATV,CMV,3,TRB,CASSFKDTNTGELFF,TRBV27*01,TRBJ2-2*01
183,649,TRA,CAVSWDTGFQKLVF,TRAV8-6*01,TRAJ8*01,HomoSapiens,NLVPMVATV,CMV,3,TRB,CASSLGAANYNEQFF,TRBV7-9*01,TRBJ2-1*01
184,651,TRA,CALFAGSYIPTF,TRAV9-2*01,TRAJ6*01,HomoSapiens,NLVPMVATV,CMV,3,TRB,CASSSRTGDQETQYF,TRBV5-4*01,TRBJ2-5*01
185,793,TRA,CAVRDISARLMF,TRAV3*01,TRAJ31*01,HomoSapiens,NLVPMVATV,CMV,3,TRB,CASSSVNVAFF,TRBV12-4*01,TRBJ1-1*01
186,794,TRA,CAVRDPVGNQFYF,TRAV1-1*01,TRAJ49*01,HomoSapiens,NLVPMVATV,CMV,3,TRB,CASSDPGVDRNTEAFF,TRBV2*01,TRBJ1-1*01
187,795,TRA,CAVTTGNAGNMLTF,TRAV1-2*01,TRAJ39*01,HomoSapiens,NLVPMVATV,CMV,3,TRB,CASSHGTGYNQPQHF,TRBV14*01,TRBJ1-5*01
188,796,TRA,CAVSDYGGSQGNLIF,TRAV1-2*01,TRAJ42*01,HomoSapiens,NLVPMVATV,CMV,3,TRB,CASSLEIQGSGAFF,TRBV5-1*01,TRBJ1-1*01
189,797,TRA,CAVGPGYSSASKIIF,TRAV12-2*01,TRAJ3*01,HomoSapiens,NLVPMVATV,CMV,3,TRB,CASSDGIGQGASGYTF,TRBV6-4*01,TRBJ1-2*01
190,798,TRA,CAVKGSQGNLIF,TRAV12-2*01,TRAJ42*01,HomoSapiens,NLVPMVATV,CMV,3,TRB,CASSARGGGNNEQFF,TRBV4-1*01,TRBJ2-1*01
191,799,TRA,CAAYSPAGGGADGLTF,TRAV13-1*01,TRAJ45*01,HomoSapiens,NLVPMVATV,CMV,3,TRB,CASSYSGTNQPQHF,TRBV6-2*01,TRBJ1-5*01
192,800,TRA,CAASETSYDKVIF,TRAV13-1*01,TRAJ50*01,HomoSapiens,NLVPMVATV,CMV,3,TRB,CASSYSGTGDYGYTF,TRBV12-3*01,TRBJ1-2*01
193,801,TRA,CAETNFGNEKLTF,TRAV13-2*01,TRAJ48*01,HomoSapiens,NLVPMVATV,CMV,3,TRB,CASSPVGGDYGYTF,TRBV18*01,TRBJ1-2*01
194,802,TRA,CAESGGSNYKLTF,TRAV13-2*01,TRAJ53*01,HomoSapiens,NLVPMVATV,CMV,3,TRB,CASSLDLYGYTF,TRBV5-6*01,TRBJ1-2*01
195,803,TRA,CAMREETDSWGKLQF,TRAV14/DV4*01,TRAJ24*01,HomoSapiens,NLVPMVATV,CMV,3,TRB,CSARDRGGENTGELFF,TRBV20-1*01,TRBJ2-2*01
196,804,TRA,CAVKTGRRALTF,TRAV14/DV4*01,TRAJ5*01,HomoSapiens,NLVPMVATV,CMV,3,TRB,CASSFQGIRVEAFF,TRBV28*01,TRBJ1-1*01
197,805,TRA,CALRSNDYKLSF,TRAV16*01,TRAJ20*01,HomoSapiens,NLVPMVATV,CMV,3,TRB,CASSPPGRGNTGELFF,TRBV28*01,TRBJ2-2*01
198,806,TRA,CATDARAGGTSYGKLTF,TRAV17*01,TRAJ52*01,HomoSapiens,NLVPMVATV,CMV,3,TRB,CASSFGQRDRGYWRNTEAFF,TRBV6-6*01,TRBJ1-1*01
199,807,TRA,CALTSPYYNQGGKLIF,TRAV19*01,TRAJ23*01,HomoSapiens,NLVPMVATV,CMV,3,TRB,CASGFTGGRNTEAFF,TRBV12-5*01,TRBJ1-1*01
200,808,TRA,CALSEHTTDSWGKFQF,TRAV19*01,TRAJ24*01,HomoSapiens,NLVPMVATV,CMV,3,TRB,CASSIVAGAGAGELFF,TRBV19*01,TRBJ2-2*01
201,809,TRA,CALSEAPGGSYIPTF,TRAV19*01,TRAJ6*01,HomoSapiens,NLVPMVATV,CMV,3,TRB,CATSDLLAGGKTGELFF,TRBV24-1*01,TRBJ2-2*01
202,810,TRA,CAVQAGNNNDMRF,TRAV20*01,TRAJ43*01,HomoSapiens,NLVPMVATV,CMV,3,TRB,CASSATGSNTGELFF,TRBV9*01,TRBJ2-2*01
203,811,TRA,CAVITDSWGKFQF,TRAV21*01,TRAJ24*01,HomoSapiens,NLVPMVATV,CMV,3,TRB,CASSMGTVYLNTEAFF,TRBV19*01,TRBJ1-1*01
204,812,TRA,CAEDSGNTPLVF,TRAV21*01,TRAJ29*01,HomoSapiens,NLVPMVATV,CMV,3,TRB,CASSLLGVSYYNEQFF,TRBV7-9*01,TRBJ2-1*01
205,814,TRA,CAFNDYKLSF,TRAV24*01,TRAJ20*01,HomoSapiens,NLVPMVATV,CMV,3,TRB,CAWVPGTGGRAAFF,TRBV30*01,TRBJ1-1*01
206,815,TRA,CAWMNRDDKIIF,TRAV24*01,TRAJ30*01,HomoSapiens,NLVPMVATV,CMV,3,TRB,CASSVVGYLGYTF,TRBV9*01,TRBJ1-2*01
207,816,TRA,CAGKSLFGTNAGKSTF,TRAV25*01,TRAJ27*01,HomoSapiens,NLVPMVATV,CMV,3,TRB,CASSRGQGPGQETQYF,TRBV4-1*01,TRBJ2-5*01
208,817,TRA,CIVRPRWDSNYQLIW,TRAV26-1*01,TRAJ33*01,HomoSapiens,NLVPMVATV,CMV,3,TRB,CASSQAPSMEPNEQFF,TRBV4-1*01,TRBJ2-1*01
209,819,TRA,CATRQGNTPLVF,TRAV29/DV5*01,TRAJ29*01,HomoSapiens,NLVPMVATV,CMV,3,TRB,CASSHQTGELFF,TRBV4-2*01,TRBJ2-2*01
210,820,TRA,CAAYTGNQFYF,TRAV29/DV5*01,TRAJ49*01,HomoSapiens,NLVPMVATV,CMV,3,TRB,CASSPKTGASYGYTF,TRBV6-5*01,TRBJ1-2*01
211,821,TRA,CAASGNTGNQFYF,TRAV29/DV5*01,TRAJ49*01,HomoSapiens,NLVPMVATV,CMV,3,TRB,CASSYNEQFF,TRBV12-4*01,TRBJ2-1*01
212,822,TRA,CAVRDKGYSTLTF,TRAV3*01,TRAJ11*01,HomoSapiens,NLVPMVATV,CMV,3,TRB,CASSIDAGSNYEQYF,TRBV19*01,TRBJ2-7*01
213,823,TRA,CAVRDTPGGYQKVTF,TRAV3*01,TRAJ13*01,HomoSapiens,NLVPMVATV,CMV,3,TRB,CASSYTVQPYNEQFF,TRBV6-2*01,TRBJ2-1*01
214,824,TRA,CAVRGSFYNQGGKLIF,TRAV3*01,TRAJ23*01,HomoSapiens,NLVPMVATV,CMV,3,TRB,CATSDLRRTDTQYF,TRBV24-1*01,TRBJ2-3*01
215,826,TRA,CAVRDYGQNFVF,TRAV3*01,TRAJ26*01,HomoSapiens,NLVPMVATV,CMV,3,TRB,CASSRDSNSNQPQHF,TRBV12-4*01,TRBJ1-5*01
216,827,TRA,CAGFLYNNNDMRF,TRAV35*01,TRAJ43*01,HomoSapiens,NLVPMVATV,CMV,3,TRB,CASSHERDRDTGELFF,TRBV3-1*01,TRBJ2-2*01
217,828,TRA,CAGPMKTSYDKVIF,TRAV35*01,TRAJ50*01,HomoSapiens,NLVPMVATV,CMV,3,TRB,CASSSAFYGYTF,TRBV12-4*01,TRBJ1-2*01
218,830,TRA,CAGRHGGTSYGKLTF,TRAV35*01,TRAJ52*01,HomoSapiens,NLVPMVATV,CMV,3,TRB,CASSLAYILGLGDEQFF,TRBV12-4*01,TRBJ2-1*01
219,831,TRA,CAVTHRFHTASKLTF,TRAV36/DV7*01,TRAJ44*01,HomoSapiens,NLVPMVATV,CMV,3,TRB,CASSDALQETQYF,TRBV10-1*01,TRBJ2-5*01
220,832,TRA,CAFMNHTGTASKLTF,TRAV38-1*01,TRAJ44*01,HomoSapiens,NLVPMVATV,CMV,3,TRB,CASSLASRVGSPLHF,TRBV7-9*01,TRBJ1-6*01
221,833,TRA,CAYIIIQGAQKLVF,TRAV38-1*01,TRAJ54*01,HomoSapiens,NLVPMVATV,CMV,3,TRB,CASSLSAVHGYTF,TRBV27*01,TRBJ1-2*01
222,834,TRA,CAYRSHYTSGTYKYIF,TRAV38-2/DV8*01,TRAJ40*01,HomoSapiens,NLVPMVATV,CMV,3,TRB,CASSLKIGEQFF,TRBV27*01,TRBJ2-1*01
223,835,TRA,CAVCMDSSYKLIF,TRAV39*01,TRAJ12*01,HomoSapiens,NLVPMVATV,CMV,3,TRB,CASSLAGDYEQYF,TRBV5-4*01,TRBJ2-7*01
224,836,TRA,CAVDIHPNDYKLSF,TRAV39*01,TRAJ20*01,HomoSapiens,NLVPMVATV,CMV,3,TRB,CASSELAGGGDTQYF,TRBV19*01,TRBJ2-3*01
225,837,TRA,CAVDRLDTDKLIF,TRAV39*01,TRAJ34*01,HomoSapiens,NLVPMVATV,CMV,3,TRB,CASSQQETYEQYF,TRBV4-1*01,TRBJ2-7*01
226,838,TRA,CAVDISNAGNMLTF,TRAV39*01,TRAJ39*01,HomoSapiens,NLVPMVATV,CMV,3,TRB,CSVVDYGYTF,TRBV29-1*01,TRBJ1-2*01
227,839,TRA,CAVRATGTASKLTF,TRAV41*01,TRAJ44*01,HomoSapiens,NLVPMVATV,CMV,3,TRB,CSVAGQGDDHTDTQYF,TRBV29-1*01,TRBJ2-3*01
228,841,TRA,CAEEMDSSYKLIF,TRAV5*01,TRAJ12*01,HomoSapiens,NLVPMVATV,CMV,3,TRB,CSAPFPGQGDYGYTF,TRBV20-1*01,TRBJ1-2*01
229,842,TRA,CAESKRDGGATNKLIF,TRAV5*01,TRAJ32*01,HomoSapiens,NLVPMVATV,CMV,3,TRB,CASSPSREGYTF,TRBV18*01,TRBJ1-2*01
230,843,TRA,CAEIPNYGGSQGNLIF,TRAV5*01,TRAJ42*01,HomoSapiens,NLVPMVATV,CMV,3,TRB,CASSFQGYTEAFF,TRBV28*01,TRBJ1-1*01
231,844,TRA,CALVTGYSTLTF,TRAV6*01,TRAJ11*01,HomoSapiens,NLVPMVATV,CMV,3,TRB,CASSSGTSGSGSYNEQFF,TRBV5-4*01,TRBJ2-1*01
232,845,TRA,CAVKAHLGGATNKLIF,TRAV8-1*01,TRAJ32*01,HomoSapiens,NLVPMVATV,CMV,3,TRB,CASSIVGGMNTEAFF,TRBV19*01,TRBJ1-1*01
233,846,TRA,CAVPPQGGSEKLVF,TRAV8-3*01,TRAJ57*01,HomoSapiens,NLVPMVATV,CMV,3,TRB,CASFSPRVYEQYF,TRBV6-2*01,TRBJ2-7*01
234,847,TRA,CALRMIGGGSNYKLTF,TRAV9-2*01,TRAJ53*01,HomoSapiens,NLVPMVATV,CMV,3,TRB,CSVEEGSRAQYF,TRBV29-1*01,TRBJ2-5*01
235,1059,TRA,CAGAFGSSNTGKLIF,TRAV27*01,TRAJ37*01,HomoSapiens,GILGFVFTL,InfluenzaA,1,TRB,CASSIRSAYEQYF,TRBV19*01,TRBJ2-7*01
236,1060,TRA,CAVDHLMNYGGSQGNLIF,TRAV22*01,TRAJ42*01,HomoSapiens,GILGFVFTL,InfluenzaA,1,TRB,CASSTYSQDTQYF,TRBV19*01,TRBJ2-3*01
237,1061,TRA,CAAQGSQGNLIF,TRAV13-1*01,TRAJ42*01,HomoSapiens,GILGFVFTL,InfluenzaA,3,TRB,CASSIRSSYEQYF,TRBV19*01,TRBJ2-7*01
238,1062,TRA,CAAQGSQGNLIF,TRAV13-1*01,TRAJ42*01,HomoSapiens,GILGFVFTL,InfluenzaA,1,TRB,CASSTFGANVLTF,TRBV19*01,TRBJ2-6*01
239,1063,TRA,CAARGSQGNLIF,TRAV8-6*01,TRAJ42*01,HomoSapiens,GILGFVFTL,InfluenzaA,1,TRB,CASSQGAYGYTF,TRBV19*01,TRBJ1-2*01
240,1064,TRA,CAGADGSSNTGKLIF,TRAV27*01,TRAJ37*01,HomoSapiens,GILGFVFTL,InfluenzaA,1,TRB,CASSTRSAYEQYF,TRBV19*01,TRBJ2-7*01
241,1066,TRA,CAVGGSQGNLIF,TRAV8-6*01,TRAJ42*01,HomoSapiens,GILGFVFTL,InfluenzaA,3,TRB,CASSIRSSYEQYF,TRBV19*01,TRBJ2-7*01
242,1067,TRA,CAMREGGNGGGFICTIF,TRAV14/DV4*01,TRAJ9*01,HomoSapiens,GILGFVFTL,InfluenzaA,1,TRB,CASSLLLARETQYF,TRBV28*01,TRBJ2-5*01
243,1068,TRA,CAFMINAGGTSYGKLTF,TRAV38-1*01,TRAJ52*01,HomoSapiens,GILGFVFTL,InfluenzaA,1,TRB,CASSIGSYGYTF,TRBV19*01,TRBJ1-2*01
244,1069,TRA,CAGAGGGSQGNLIF,TRAV27*01,TRAJ42*01,HomoSapiens,GILGFVFTL,InfluenzaA,1,TRB,CASSRRSSDEQYF,TRBV19*01,TRBJ2-7*01
245,1071,TRA,CAAQGSQGNLIF,TRAV13-1*01,TRAJ42*01,HomoSapiens,GILGFVFTL,InfluenzaA,1,TRB,CASSIGVYGYTF,TRBV19*01,TRBJ1-2*01
246,1072,TRA,CAAQGSQGNLIF,TRAV13-1*01,TRAJ42*01,HomoSapiens,GILGFVFTL,InfluenzaA,1,TRB,CASSIRAAETQYF,TRBV19*01,TRBJ2-5*01
247,1073,TRA,CAASHIQGAQKLVF,TRAV13-1*01,TRAJ54*01,HomoSapiens,GILGFVFTL,InfluenzaA,1,TRB,CASSLLGGWSEAFF,TRBV27*01,TRBJ1-1*01
248,1074,TRA,CAVQGSQGNLIF,TRAV20*01,TRAJ42*01,HomoSapiens,GILGFVFTL,InfluenzaA,1,TRB,CASSIRAAETQYF,TRBV19*01,TRBJ2-5*01
249,1075,TRA,CAGAGGGSQGNLIF,TRAV27*01,TRAJ42*01,HomoSapiens,GILGFVFTL,InfluenzaA,1,TRB,CASSIRSSTEAFF,TRBV19*01,TRBJ1-1*01
250,1076,TRA,CAAGGSQGNLIF,TRAV27*01,TRAJ42*01,HomoSapiens,GILGFVFTL,InfluenzaA,1,TRB,CASSIRSSYEQYF,TRBV19*01,TRBJ2-7*01
251,1077,TRA,CAGAIGSSNTGKLIF,TRAV27*01,TRAJ37*01,HomoSapiens,GILGFVFTL,InfluenzaA,3,TRB,CASSIRSSYEQYF,TRBV19*01,TRBJ2-7*01
252,1079,TRA,CAAGGSQGNLIF,TRAV8-6*01,TRAJ42*01,HomoSapiens,GILGFVFTL,InfluenzaA,1,TRB,CASSSRSSYEQYF,TRBV19*01,TRBJ2-7*01
253,1080,TRA,CAGAGSQGNLIF,TRAV27*01,TRAJ42*01,HomoSapiens,GILGFVFTL,InfluenzaA,3,TRB,CASSIRSSYEQYF,TRBV19*01,TRBJ2-7*01
254,1082,TRA,CAGGGSQGNLIF,TRAV27*01,TRAJ42*01,HomoSapiens,GILGFVFTL,InfluenzaA,1,TRB,CASSVRSSYEQYF,TRBV19*01,TRBJ2-7*01
255,1083,TRA,CAGGGSQGNLIF,TRAV27*01,TRAJ42*01,HomoSapiens,GILGFVFTL,InfluenzaA,1,TRB,CASSIRSSYEQYF,TRBV19*01,TRBJ2-7*01
256,1084,TRA,CAVTGGGSQGNLIF,TRAV12-2*01,TRAJ42*01,HomoSapiens,GILGFVFTL,InfluenzaA,1,TRB,CASSIRSSYEQYF,TRBV19*01,TRBJ2-7*01
257,1086,TRA,CAFITIGNQFYF,TRAV24*01,TRAJ49*01,HomoSapiens,NLVPMVATV,CMV,1,TRB,CASSQTQLWETQYF,TRBV7-2*01,TRBJ2-5*01
258,1087,TRA,CASGNNARLMF,TRAV24*01,TRAJ31*01,HomoSapiens,NLVPMVATV,CMV,1,TRB,CASSEDHTGFYEQYF,TRBV6-1*01,TRBJ2-7*01
259,1088,TRA,CARNTGNQFYF,TRAV24*01,TRAJ49*01,HomoSapiens,NLVPMVATV,CMV,3,TRB,CASSPQTGVGNYGYTF,TRBV6-5*01,TRBJ1-2*01
260,1090,TRA,CILDNNNDMRF,TRAV26-2*01,TRAJ43*01,HomoSapiens,NLVPMVATV,CMV,1,TRB,CASSLAPGATNEKLFF,TRBV7-6*01,TRBJ1-4*01
261,1093,TRA,CAVRDIIARLMF,TRAV3*01,TRAJ31*01,HomoSapiens,NLVPMVATV,CMV,3,TRB,CASSSVNEQFF,TRBV12-3*01,TRBJ2-1*01
262,1101,TRA,CAESTSGGKLIF,TRAV5*01,TRAJ37*01,HomoSapiens,GLCTLVAML,EBV,2,TRB,CSVGTGGTNEKLFF,TRBV29-1*01,TRBJ1-4*01
263,1102,TRA,CVVNGKDSSYKLIF,TRAV12-1*01,TRAJ12*01,HomoSapiens,GLCTLVAML,EBV,2,TRB,CASSGGAVAPSEQFF,TRBV2*01,TRBJ2-1*01
264,1103,TRA,CARNTGNQFYF,TRAV12-3*01,TRAJ49*01,HomoSapiens,NLVPMVATV,CMV,2,TRB,CASSYVTGTGSYGYTGF,TRBV6-5*01,TRBJ1-2*01
265,1104,TRA,CAYPYNNNDMRF,TRAV38-2/DV8*01,TRAJ43*01,HomoSapiens,NLVPMVATV,CMV,1,TRB,CASSLEGYTEAFF,TRBV11-2*01,TRBJ1-1*01
266,1108,TRA,CAGPRQTSYDKVIF,TRAV35*01,TRAJ50*01,HomoSapiens,NLVPMVATV,CMV,1,TRB,CASSSANYGYTF,TRBV11-1*01,TRBJ1-2*01
267,1109,TRA,CAGPRKTSYDKVIF,TRAV35*01,TRAJ50*01,HomoSapiens,NLVPMVATV,CMV,1,TRB,CASSSANYGYTF,TRBV11-1*01,TRBJ1-2*01
268,1110,TRA,CAGPMKTSYDKVIF,TRAV35*01,TRAJ50*01,HomoSapiens,NLVPMVATV,CMV,1,TRB,CASSSAHYGYTF,TRBV11-1*01,TRBJ1-2*01
269,1111,TRA,CAGPEKTSYDKVIF,TRAV35*01,TRAJ50*01,HomoSapiens,NLVPMVATV,CMV,1,TRB,CASSSANYGYTF,TRBV11-1*01,TRBJ1-2*01
270,1113,TRA,CAEISPSGGSYIPTF,TRAV5*01,TRAJ6*01,HomoSapiens,NLVPMVATV,CMV,1,TRB,CATSDLKVHSGNYGYTF,TRBV24-1*01,TRBJ1-2*01
271,1114,TRA,CAGPMKTSYDKVIF,TRAV35*01,TRAJ50*01,HomoSapiens,NLVPMVATV,CMV,1,TRB,CASSSAFYGYTF,TRBV11-1*01,TRBJ1-2*01
272,1115,TRA,CATKNTGNQFYF,TRAV9-2*01,TRAJ49*01,HomoSapiens,NLVPMVATV,CMV,1,TRB,CASSVGLPYEQYF,TRBV9*01,TRBJ2-1*01
273,1118,TRA,CARNTGNQFYF,TRAV12-3*01,TRAJ49*01,HomoSapiens,NLVPMVATV,CMV,1,TRB,CASSYQTGAGGYGYTGF,TRBV6-5*01,TRBJ1-2*01
274,1121,TRA,CILLGTGANNLFF,TRAV26-2*01,TRAJ36*01,HomoSapiens,NLVPMVATV,CMV,1,TRB,CASSPKLQGAWAEKLFF,TRBV18*01,TRBJ1-4*01
275,1122,TRA,CAMRVPRAQGGSEKLVF,TRAV14/DV4*01,TRAJ57*01,HomoSapiens,NLVPMVATV,CMV,1,TRB,CASSQDPFAVLNTEAFF,TRBV14*01,TRBJ1-1*01
276,1123,TRA,CARNTGNQFYF,TRAV12-3*01,TRAJ49*01,HomoSapiens,NLVPMVATV,CMV,3,TRB,CASSFQTGASYGYTF,TRBV6-5*01,TRBJ1-2*01
277,1125,TRA,CAKNTGNQFYF,TRAV12-3*01,TRAJ49*01,HomoSapiens,NLVPMVATV,CMV,2,TRB,CASSPQTGTIYGYTGF,TRBV6-5*01,TRBJ1-2*01
278,1126,TRA,CAFPYNNNDMRF,TRAV24*01,TRAJ43*01,HomoSapiens,NLVPMVATV,CMV,2,TRB,CASSLEGYTEAFF,TRBV11-2*01,TRBJ1-1*01
279,1127,TRA,CARNTGNQFYF,TRAV12-3*01,TRAJ49*01,HomoSapiens,NLVPMVATV,CMV,3,TRB,CASSPVTGGIYGYTGF,TRBV6-5*01,TRBJ1-2*01
280,1128,TRA,CARNTGNQFYF,TRAV12-3*01,TRAJ49*01,HomoSapiens,NLVPMVATV,CMV,2,TRB,CASSETGATNYGYTGF,TRBV6-1*01,TRBJ1-2*01
281,1129,TRA,CILDNNNDMRF,TRAV26-2*01,TRAJ43*01,HomoSapiens,NLVPMVATV,CMV,1,TRB,CASSLAPGATNEKLFF,TRBV11-1*01,TRBJ1-4*01
282,1135,TRA,CAVYYGQNFVF,TRAV1-1*01,TRAJ26*01,HomoSapiens,NLVPMVATV,CMV,2,TRB,CASSFQGYTEAFF,TRBV11-1*01,TRBJ1-1*01
283,1204,TRA,CAVRDLNARLMF,TRAV3*01,TRAJ31*01,HomoSapiens,NLVPMVATV,CMV,1,TRB,CASSSVNEQYF,TRBV12-3*01,TRBJ2-7*01
284,1294,TRA,CALSEAGTGGSYIPTF,TRAV19*01,TRAJ6*01,HomoSapiens,GILGFVFTL,InfluenzaA,1,TRB,CASSMFVGQPQHF,TRBV19*01,TRBJ1-5*01
285,1322,TRA,CAGPLGGGSQGNLIF,TRAV27*01,TRAJ42*01,HomoSapiens,GILGFVFTL,InfluenzaA,1,TRB,CASSYYSNQPQHF,TRBV19*01,TRBJ1-5*01
286,1342,TRA,CAMREVFNDYKLSF,TRAV14/DV4*01,TRAJ20*01,HomoSapiens,NLVPMVATV,CMV,1,TRB,CASSVVERAFF,TRBV12-3*01,TRBJ1-1*01
287,1344,TRA,CAVRDISARLMF,TRAV3*01,TRAJ31*01,HomoSapiens,NLVPMVATV,CMV,1,TRB,CASSVVERAFF,TRBV12-3*01,TRBJ1-1*01
288,1466,TRA,CAFISFNKFYF,TRAV24*01,TRAJ21*01,HomoSapiens,NLVPMVATV,CMV,2,TRB,CASSPQTGTGTYGYTF,TRBV6-5*01,TRBJ1-2*01
289,1467,TRA,CAFISFNKFYF,TRAV24*01,TRAJ21*01,HomoSapiens,NLVPMVATV,CMV,2,TRB,CASSAQTGAAYGYTF,TRBV6-5*01,TRBJ1-2*01
290,1468,TRA,CARNTGNQFYF,TRAV24*01,TRAJ49*01,HomoSapiens,NLVPMVATV,CMV,2,TRB,CASSAQTGAAYGYTF,TRBV6-5*01,TRBJ1-2*01
291,1469,TRA,CILRDIPFDRGSTLGRLYF,TRAV26-2*01,TRAJ18*01,HomoSapiens,NLVPMVATV,CMV,2,TRB,CASSAQTGAAYGYTF,TRBV6-5*01,TRBJ1-2*01
292,1470,TRA,CARNTGNQFYF,TRAV12-3*01,TRAJ49*01,HomoSapiens,NLVPMVATV,CMV,2,TRB,CASSPQTGTGTYGYTF,TRBV6-5*01,TRBJ1-2*01
293,1471,TRA,CILRDIPFDRGSTLGRLYF,TRAV26-2*01,TRAJ18*01,HomoSapiens,NLVPMVATV,CMV,2,TRB,CASSPQTGTGTYGYTF,TRBV6-5*01,TRBJ1-2*01
294,1472,TRA,CAVRDLSARLMF,TRAV3*01,TRAJ31*01,HomoSapiens,NLVPMVATV,CMV,2,TRB,CASSSVNEQYF,TRBV12-4*01,TRBJ2-7*01
295,1473,TRA,CAMWTSYGKLTF,TRAV17*01,TRAJ52*01,HomoSapiens,NLVPMVATV,CMV,2,TRB,CASSLEVTGELFF,TRBV7-3*01,TRBJ2-2*01
296,1474,TRA,CAERIQTGANNLFF,TRAV5*01,TRAJ36*01,HomoSapiens,NLVPMVATV,CMV,2,TRB,CASSLGGGGVTEAFF,TRBV13*01,TRBJ1-1*01
297,1475,TRA,CAERIQTGANNLFF,TRAV13-2*01,TRAJ8*01,HomoSapiens,NLVPMVATV,CMV,2,TRB,CATTYGRMNTEAFF,TRBV24-1*01,TRBJ1-1*01
298,1476,TRA,CAVFNTGFQKLVF,TRAV5*01,TRAJ36*01,HomoSapiens,NLVPMVATV,CMV,2,TRB,CASSLGGGGVTEAFF,TRBV13*01,TRBJ1-1*01
299,1477,TRA,CAVFNTGFQKLVF,TRAV13-2*01,TRAJ8*01,HomoSapiens,NLVPMVATV,CMV,2,TRB,CATTYGRMNTEAFF,TRBV24-1*01,TRBJ1-1*01
300,1478,TRA,CALGYGNQFYF,TRAV24*01,TRAJ49*01,HomoSapiens,NLVPMVATV,CMV,2,TRB,CASSLLATGGNGYTF,TRBV27*01,TRBJ1-2*01
301,1479,TRA,CARNTGNQFYF,TRAV24*01,TRAJ49*01,HomoSapiens,NLVPMVATV,CMV,2,TRB,CASSPQTGTGTYGYTF,TRBV6-5*01,TRBJ1-2*01
302,1480,TRA,CARNTGNQFYF,TRAV24*01,TRAJ49*01,HomoSapiens,NLVPMVATV,CMV,2,TRB,CASSRQTGSIYGYTF,TRBV6-5*01,TRBJ1-2*01
303,1481,TRA,CAVRDISARLMF,TRAV3*01,TRAJ31*01,HomoSapiens,NLVPMVATV,CMV,2,TRB,CASSSVTEAFF,TRBV12-4*01,TRBJ1-1*01
304,1482,TRA,CVVIVMYSGGGADGLTF,TRAV10*01,TRAJ45*01,HomoSapiens,NLVPMVATV,CMV,2,TRB,CASSSVTEAFF,TRBV12-4*01,TRBJ1-1*01
305,1483,TRA,CAVAPSNDMRF,TRAV8-3*01,TRAJ43*01,HomoSapiens,NLVPMVATV,CMV,2,TRB,CASSLVSGATYNEQFF,TRBV27*01,TRBJ2-1*01
306,1484,TRA,CAEIPNYGGSQGNLIF,TRAV5*01,TRAJ42*01,HomoSapiens,NLVPMVATV,CMV,2,TRB,CASSLVGGRYGYTF,TRBV12-4*01,TRBJ1-2*01
307,1485,TRA,CAANTGNQFYF,TRAV21*01,TRAJ49*01,HomoSapiens,NLVPMVATV,CMV,2,TRB,CASSLMFTGVPQDTQYF,TRBV7-8*01,TRBJ2-3*01
308,1486,TRA,CARNTGNQFYF,TRAV24*01,TRAJ49*01,HomoSapiens,NLVPMVATV,CMV,2,TRB,CASSPTTGTAYGYTF,TRBV6-5*01,TRBJ1-2*01
309,1487,TRA,CAESIGKLIF,TRAV5*01,TRAJ37*01,HomoSapiens,GLCTLVAML,EBV,2,TRB,CSVGHGGTNEKLFF,TRBV29-1*01,TRBJ1-4*01
310,1488,TRA,CAEYSSASKIIF,TRAV5*01,TRAJ3*01,HomoSapiens,GLCTLVAML,EBV,2,TRB,CASSQSPGGTQFF,TRBV14*01,TRBJ2-1*01
311,1490,TRA,CAESIGKLIF,TRAV5*01,TRAJ23*01,HomoSapiens,GLCTLVAML,EBV,2,TRB,CSVGQGGTNEKLFF,TRBV29-1*01,TRBJ1-4*01
312,1492,TRA,CAVYGQNFVF,TRAV13-1*01,TRAJ26*01,HomoSapiens,GLCTLVAML,EBV,2,TRB,CSARDGTGNGYTF,TRBV20-1*01,TRBJ1-2*01
313,1493,TRA,CAEYSSASKIIF,TRAV5*01,TRAJ3*01,HomoSapiens,GLCTLVAML,EBV,2,TRB,CASSQSPGGTQYF,TRBV14*01,TRBJ2-3*01
314,1494,TRA,CAEDSNARLMF,TRAV5*01,TRAJ31*01,HomoSapiens,GLCTLVAML,EBV,2,TRB,CSARDGTGNGYTF,TRBV20-1*01,TRBJ1-2*01
315,1495,TRA,CAVRDTRDSSYKLIF,TRAV3*01,TRAJ12*01,HomoSapiens,GLCTLVAML,EBV,2,TRB,CAISEDITVAPEQYF,TRBV10-3*01,TRBJ2-7*01
316,1496,TRA,CAVDILTGGGNKLTF,TRAV1-2*01,TRAJ10*01,HomoSapiens,GLCTLVAML,EBV,2,TRB,CASGPYEGNQPQHF,TRBV27*01,TRBJ1-5*01
317,1497,TRA,CAAGGSQGNLIF,TRAV13-1*01,TRAJ42*01,HomoSapiens,GLCTLVAML,EBV,2,TRB,CASSLTGTFRGYTF,TRBV27*01,TRBJ1-2*01
318,1504,TRA,CAETPTNDYKLSF,TRAV5*01,TRAJ20*01,HomoSapiens,NLVPMVATV,CMV,3,TRB,CASSSETELLYYGYTF,TRBV6-6*02,TRBJ1-2*01
319,1505,TRA,SSGNQFYF,TRAV21*01,TRAJ49*01,HomoSapiens,NLVPMVATV,CMV,3,TRB,CASSQQTGTIGGYTF,TRBV6-5*01,TRBJ1-2*01
320,1506,TRA,CADYYGQNFVF,TRAV3*01,TRAJ26*01,HomoSapiens,NLVPMVATV,CMV,3,TRB,CASSFQGFTEAFF,TRBV28*01,TRBJ1-1*01
321,1507,TRA,CASPTGNQFYF,TRAV24*01,TRAJ49*01,HomoSapiens,NLVPMVATV,CMV,3,TRB,CASSFTLGTGGVEQYF,TRBV27*01,TRBJ2-7*01
322,1508,TRA,CAEIPSNDYKLSF,TRAV5*01,TRAJ20*01,HomoSapiens,NLVPMVATV,CMV,3,TRB,CSARGQDIYEQYF,TRBV20-1*01,TRBJ2-7*01
323,1509,TRA,CASGSQGNLIF,TRAV3*01,TRAJ42*01,HomoSapiens,NLVPMVATV,CMV,3,TRB,CASGLTGFMDEQYF,TRBV12-5*01,TRBJ2-7*01
324,1510,TRA,CAGLTTDSWGKFQF,TRAV25*01,TRAJ24*01,HomoSapiens,NLVPMVATV,CMV,2,TRB,CASSVDVAGGYNEQFF,TRBV7-3*01,TRBJ2-1*01
325,1511,TRA,CATYLTGNQFYF,TRAV12-3*01,TRAJ49*01,HomoSapiens,NLVPMVATV,CMV,3,TRB,CASSQALPYEQYF,TRBV12-4*01,TRBJ2-7*01
326,1512,TRA,CAVCNFNKFYF,TRAV24*01,TRAJ21*01,HomoSapiens,NLVPMVATV,CMV,3,TRB,CASSITLGTGGVEQYF,TRBV27*01,TRBJ2-7*01
327,1558,TRA,CAVRDGTANNLFF,TRAV3*01,TRAJ36*01,HomoSapiens,GILGFVFTL,InfluenzaA,1,TRB,CASSISSTGELFF,TRBV19*01,TRBJ2-2*01
328,1559,TRA,CAFMKDAGGTSYGKLTF,TRAV38-1*01,TRAJ52*01,HomoSapiens,GILGFVFTL,InfluenzaA,1,TRB,CASSIGVYGYTF,TRBV19*01,TRBJ1-2*01
329,1561,TRA,CALAGSQGNLIF,TRAV6*01,TRAJ42*01,HomoSapiens,GILGFVFTL,InfluenzaA,1,TRB,CASSIRASYEQYF,TRBV19*01,TRBJ2-7*01
330,1562,TRA,CAGADGGSQGNLIF,TRAV27*01,TRAJ42*01,HomoSapiens,GILGFVFTL,InfluenzaA,1,TRB,CASSGRAAGELFF,TRBV19*01,TRBJ2-2*01
331,1563,TRA,CAAGGSQGNLIF,TRAV27*01,TRAJ42*01,HomoSapiens,GILGFVFTL,InfluenzaA,1,TRB,CASSVRSSYEQYF,TRBV19*01,TRBJ2-7*01
332,1577,TRA,CAGPTHDMNYGGSQGNLIF,TRAV35*01,TRAJ42*01,HomoSapiens,GILGFVFTL,InfluenzaA,1,TRB,CASSIHSTDTQYF,TRBV19*01,TRBJ2-3*01
333,1578,TRA,CALSEVSNAGGTSYGKLTF,TRAV19*01,TRAJ52*01,HomoSapiens,GILGFVFTL,InfluenzaA,1,TRB,CASSVDGGGLDEQFF,TRBV9*01,TRBJ2-1*01
334,1579,TRA,CALFGGYNQGGKLIF,TRAV19*01,TRAJ23*01,HomoSapiens,GILGFVFTL,InfluenzaA,1,TRB,CASSTSGGGTEAFF,TRBV19*01,TRBJ1-1*01
335,1580,TRA,CAGGGSSNTGKLIF,TRAV27*01,TRAJ37*01,HomoSapiens,GILGFVFTL,InfluenzaA,1,TRB,CASSIRSAYEQYF,TRBV19*01,TRBJ2-7*01
336,1592,TRA,CAGAEGGSQGNLIF,TRAV27*01,TRAJ42*01,HomoSapiens,GILGFVFTL,InfluenzaA,1,TRB,CASSIRSTGELFF,TRBV19*01,TRBJ2-2*01
337,1593,TRA,CAGAEGGSQGNLIF,TRAV27*01,TRAJ42*01,HomoSapiens,GILGFVFTL,InfluenzaA,1,TRB,CASSGRSTGELFF,TRBV19*01,TRBJ2-2*01
338,1594,TRA,CAGGGSQGNLIF,TRAV27*01,TRAJ42*01,HomoSapiens,GILGFVFTL,InfluenzaA,1,TRB,CASSTRSSYEQYF,TRBV19*01,TRBJ2-7*01
339,1603,TRA,CAEDNNARLMF,TRAV5*01,TRAJ31*01,HomoSapiens,GLCTLVAML,EBV,1,TRB,CSARVGVGNTIYF,TRBV20-1*01,TRBJ1-3*01
340,1604,TRA,CAEDFNARLMF,TRAV5*01,TRAJ31*01,HomoSapiens,GLCTLVAML,EBV,1,TRB,CSARTGVGNTIYF,TRBV20-1*01,TRBJ1-3*01
341,1605,TRA,CAEDNNARLMF,TRAV5*01,TRAJ31*01,HomoSapiens,GLCTLVAML,EBV,1,TRB,CSARDRTGNGYTF,TRBV20-1*01,TRBJ1-2*01
342,1608,TRA,CALYSNSGYALNF,TRAV21*01,TRAJ41*01,HomoSapiens,GLCTLVAML,EBV,1,TRB,CASRPDSDYGYTF,TRBV18*01,TRBJ1-2*01
343,1609,TRA,CADGSGTTDSWGKLQF,TRAV5*01,TRAJ24*01,HomoSapiens,GLCTLVAML,EBV,1,TRB,CASSQNQDMGTEAFF,TRBV4-1*01,TRBJ1-1*01
344,1610,TRA,CAEDSNARLMF,TRAV5*01,TRAJ31*01,HomoSapiens,GLCTLVAML,EBV,1,TRB,CSARSGVGNTIYF,TRBV20-1*01,TRBJ1-3*01
345,1615,TRA,CAEVSGTYKYIF,TRAV5*01,TRAJ40*01,HomoSapiens,GLCTLVAML,EBV,1,TRB,CSAWDREVVGTEAFF,TRBV20-1*01,TRBJ1-1*01
346,1617,TRA,CAESTGKLIF,TRAV5*01,TRAJ37*01,HomoSapiens,GLCTLVAML,EBV,1,TRB,CSVGTGGTNEKLFF,TRBV29-1*01,TRBJ1-4*01
347,1635,TRA,CLVGAGNMLTF,TRAV4*01,TRAJ39*01,HomoSapiens,CINGVCWTV,HCV,1,TRB,CASSQGGQGAPYEQYF,TRBV4-1*01,TRBJ2-7*01
348,1636,TRA,CAESGGSQGNLIF,TRAV5*01,TRAJ42*01,HomoSapiens,CINGVCWTV,HCV,1,TRB,CASSQAENTEAFF,TRBV4-1*01,TRBJ1-1*01
349,1637,TRA,CAVSSLMDTGRRALTF,TRAV8-4*01,TRAJ5*01,HomoSapiens,CINGVCWTV,HCV,1,TRB,CASSLLGLAGVGELFF,TRBV28*01,TRBJ2-2*01
350,1638,TRA,CAMREDAGGTSYGKLTF,TRAV14/DV4*01,TRAJ52*01,HomoSapiens,CINGVCWTV,HCV,1,TRB,CASSLTGTGFKQFF,TRBV28*01,TRBJ2-1*01
351,1639,TRA,CILRDLDGGTSYGKLTF,TRAV26-2*01,TRAJ52*01,HomoSapiens,CINGVCWTV,HCV,1,TRB,CASSLTLAGGIGTDTQYF,TRBV28*01,TRBJ2-3*01
352,1640,TRA,CPFQTGANNLFF,TRAV4*01,TRAJ36*01,HomoSapiens,CINGVCWTV,HCV,1,TRB,CASSLGTGAPYEQYF,TRBV7-2*01,TRBJ2-7*01
353,1641,TRA,CLVGAPGPGNTPLVF,TRAV4*01,TRAJ43*01,HomoSapiens,CINGVCWTV,HCV,1,TRB,CATSNLDSFGGYTF,TRBV15*01,TRBJ1-2*01
354,1642,TRA,CLVGDNNNDMRF,TRAV4*01,TRAJ43*01,HomoSapiens,CINGVCWTV,HCV,1,TRB,CASSLSTGAPYEQYF,TRBV27*01,TRBJ2-7*01
355,1643,TRA,CAYRSPLSGGGADGLTF,TRAV38-2/DV8*01,TRAJ45*01,HomoSapiens,CINGVCWTV,HCV,1,TRB,CASSLGPPPDNEQFF,TRBV11-2*01,TRBJ2-1*01
356,1644,TRA,CAYTSGTYKYIF,TRAV38-1*01,TRAJ40*01,HomoSapiens,CINGVCWTV,HCV,1,TRB,CATSPGQGFYNEQFF,TRBV15*01,TRBJ2-1*01
357,1645,TRA,CLKAGGFKTIF,TRAV4*01,TRAJ9*01,HomoSapiens,CINGVCWTV,HCV,1,TRB,CASRLLAGAYEQYF,TRBV28*01,TRBJ2-7*01
358,1646,TRA,CAVGAGTNAGKSTF,TRAV8-3*01,TRAJ27*01,HomoSapiens,CINGVCWTV,HCV,1,TRB,CASSQESGTEAFF,TRBV4-1*01,TRBJ1-1*01
359,1647,TRA,CAVADPREYGNKLVF,TRAV22*01,TRAJ47*01,HomoSapiens,CINGVCWTV,HCV,1,TRB,CASNRENEKLFF,TRBV18*01,TRBJ1-4*01
360,1648,TRA,CAESGGYQKVTF,TRAV5*01,TRAJ13*01,HomoSapiens,CINGVCWTV,HCV,1,TRB,CASSQEKGTEAFF,TRBV4-1*01,TRBJ1-1*01
361,1649,TRA,CLVGVPVGAGSYQLTF,TRAV4*01,TRAJ28*01,HomoSapiens,CINGVCWTV,HCV,1,TRB,CASTTGSSEKLFF,TRBV2*01,TRBJ1-4*01
362,1650,TRA,CLVVGDNYGQNFVF,TRAV4*01,TRAJ26*01,HomoSapiens,CINGVCWTV,HCV,1,TRB,CATSTTFQTDYAEPYGYTF,TRBV15*01,TRBJ1-2*01
363,1651,TRA,CAASARGNQGGKLIF,TRAV29/DV5*01,TRAJ23*01,HomoSapiens,CINGVCWTV,HCV,1,TRB,CASSVDEGNTGELFF,TRBV9*01,TRBJ2-2*01
364,1652,TRA,CAYRSATFSGGGADGLTF,TRAV38-2/DV8*01,TRAJ45*01,HomoSapiens,CINGVCWTV,HCV,1,TRB,CASSRPVGLFNYGYTF,TRBV28*01,TRBJ1-2*01
365,1655,TRA,CLDSNDMRF,TRAV4*01,TRAJ43*01,HomoSapiens,CINGVCWTV,HCV,1,TRB,CASSQAQSGTAPYEQYF,TRBV4-1*01,TRBJ2-7*01
366,1656,TRA,CAMREFTSGTYKYIF,TRAV14/DV4*01,TRAJ40*01,HomoSapiens,CINGVCWTV,HCV,1,TRB,CASSLTLGLAGVETQYF,TRBV27*01,TRBJ2-5*01
367,1657,TRA,CLVGSPNDYKLSF,TRAV4*01,TRAJ20*01,HomoSapiens,CINGVCWTV,HCV,1,TRB,CASSSPSGRPTLYNEQFF,TRBV27*01,TRBJ2-1*01
368,2317,TRA,CAPRNAGGTSYGKLTF,TRAV25*01,TRAJ52*01,HomoSapiens,YLQPRTFLL,SARS-CoV-2,1,TRB,CASSLGPNTGELFF,TRBV7-8*01,TRBJ2-2*01
369,2318,TRA,CAVSPPRRYGNKLVF,TRAV3*01,TRAJ47*01,HomoSapiens,YLQPRTFLL,SARS-CoV-2,1,TRB,CASSGNRDRNTGELFF,TRBV5-8*01,TRBJ2-2*01
370,2319,TRA,CAINTGNQFYF,TRAV14/DV4*01,TRAJ49*01,HomoSapiens,YLQPRTFLL,SARS-CoV-2,1,TRB,CASSLDRGRVSTDTQYF,TRBV13*01,TRBJ2-3*01
371,2320,TRA,CALSFSSASKIIF,TRAV9-2*01,TRAJ3*01,HomoSapiens,YLQPRTFLL,SARS-CoV-2,1,TRB,CASSPPGLGNTGELFF,TRBV18*01,TRBJ2-2*01
372,2321,TRA,CAVRNNNARLMF,TRAV1-2*01,TRAJ31*01,HomoSapiens,YLQPRTFLL,SARS-CoV-2,1,TRB,CASRSAEAFF,TRBV6-2*01,TRBJ1-1*01
373,2322,TRA,CAMKGKNQGGKLIF,TRAV12-3*01,TRAJ23*01,HomoSapiens,YLQPRTFLL,SARS-CoV-2,1,TRB,CASPDLNTGELFF,TRBV19*01,TRBJ2-2*01
374,2323,TRA,CATDYGNNRLAF,TRAV17*01,TRAJ7*01,HomoSapiens,YLQPRTFLL,SARS-CoV-2,1,TRB,CARGDANTGELFF,TRBV7-9*01,TRBJ2-2*01
375,2324,TRA,CALSPFPRGAGSYQLTF,TRAV19*01,TRAJ28*01,HomoSapiens,YLQPRTFLL,SARS-CoV-2,1,TRB,CATSRDMRGSVELFF,TRBV15*01,TRBJ2-2*01
376,2325,TRA,CAVLPHGNNRLAF,TRAV8-6*01,TRAJ7*01,HomoSapiens,YLQPRTFLL,SARS-CoV-2,1,TRB,CSARDRVGQNTGELFF,TRBV20-1*01,TRBJ2-2*01
377,2326,TRA,CALRRGATDSWGKLQF,TRAV9-2*01,TRAJ24*01,HomoSapiens,YLQPRTFLL,SARS-CoV-2,1,TRB,CASSDQNTGELFF,TRBV7-8*01,TRBJ2-2*01
378,2327,TRA,CAARGGADGLTF,TRAV29/DV5*01,TRAJ45*01,HomoSapiens,YLQPRTFLL,SARS-CoV-2,1,TRB,CASSPMGNWGNQPQHF,TRBV2*01,TRBJ1-5*01
379,2328,TRA,CAARGGVDGLTF,TRAV29/DV5*01,TRAJ45*01,HomoSapiens,YLQPRTFLL,SARS-CoV-2,1,TRB,CASSPMGNWGNQPQHF,TRBV2*01,TRBJ1-5*01
380,2329,TRA,CVVNGADKIIF,TRAV12-1*01,TRAJ30*01,HomoSapiens,YLQPRTFLL,SARS-CoV-2,1,TRB,CASSPDIEAFF,TRBV7-9*01,TRBJ1-1*01
381,2331,TRA,CADFGSGVSNYKLTF,TRAV8-6*01,TRAJ53*01,HomoSapiens,YLQPRTFLL,SARS-CoV-2,1,TRB,CASSISESSYNEQFF,TRBV19*01,TRBJ2-1*01
382,2332,TRA,CAVPGSGVSNYKLTF,TRAV8-6*01,TRAJ53*01,HomoSapiens,YLQPRTFLL,SARS-CoV-2,1,TRB,CASSISESSYNEQFF,TRBV19*01,TRBJ2-1*01
383,2333,TRA,CAVNRDDKIIF,TRAV12-2*01,TRAJ30*01,HomoSapiens,YLQPRTFLL,SARS-CoV-2,1,TRB,CASSLDIEAFF,TRBV7-9*01,TRBJ1-1*01
384,2334,TRA,CAYSSQGGSEKLVF,TRAV38-2/DV8*01,TRAJ57*01,HomoSapiens,YLQPRTFLL,SARS-CoV-2,1,TRB,CASSSTTGGGFSGANVLTF,TRBV12-4*01,TRBJ2-6*01
385,2335,TRA,CAMRDPHLWSGATNKLIF,TRAV14/DV4*01,TRAJ32*01,HomoSapiens,YLQPRTFLL,SARS-CoV-2,1,TRB,CASADLDTGELFF,TRBV2*01,TRBJ2-2*01
386,2336,TRA,CAGERGDSWGKFQF,TRAV27*01,TRAJ24*01,HomoSapiens,YLQPRTFLL,SARS-CoV-2,1,TRB,CASGSLNTGELFF,TRBV7-8*01,TRBJ2-2*01
387,2337,TRA,CAFFSGGGADGLTF,TRAV22*01,TRAJ45*01,HomoSapiens,YLQPRTFLL,SARS-CoV-2,1,TRB,CAMRTDPNTGELFF,TRBV2*01,TRBJ2-2*01
388,2338,TRA,CAPKAAGNKLTF,TRAV36/DV7*01,TRAJ17*01,HomoSapiens,YLQPRTFLL,SARS-CoV-2,1,TRB,CASSPIAGGNTGELFF,TRBV13*01,TRBJ2-2*01
389,2339,TRA,CAVGAAGGTSYGKLTF,TRAV8-3*01,TRAJ52*01,HomoSapiens,YLQPRTFLL,SARS-CoV-2,1,TRB,CANGDLNSGELFF,TRBV12-3*01,TRBJ2-2*01
390,2341,TRA,CAVNPPSGTYKYIF,TRAV8-1*01,TRAJ40*01,HomoSapiens,YLQPRTFLL,SARS-CoV-2,1,TRB,CSARDKQGWNTGELFF,TRBV20-1*01,TRBJ2-2*01
391,2343,TRA,CAERGSYIPTF,TRAV13-2*01,TRAJ6*01,HomoSapiens,YLQPRTFLL,SARS-CoV-2,1,TRB,CSATRDLNTGELFF,TRBV20-1*01,TRBJ2-2*01
392,2344,TRA,CALSENKLSF,TRAV9-2*01,TRAJ20*01,HomoSapiens,YLQPRTFLL,SARS-CoV-2,1,TRB,CSARDPTQQNTGELFF,TRBV20-1*01,TRBJ2-2*01
393,2345,TRA,CARDQRGYQKVTF,TRAV14/DV4*01,TRAJ13*01,HomoSapiens,YLQPRTFLL,SARS-CoV-2,1,TRB,CSARDDRALNTGELFF,TRBV20-1*01,TRBJ2-2*01
394,2346,TRA,CAASRPSGGTSYGKLTF,TRAV29/DV5*01,TRAJ52*01,HomoSapiens,YLQPRTFLL,SARS-CoV-2,1,TRB,CATGESNTGELFF,TRBV10-1*01,TRBJ2-2*01
395,2347,TRA,CAVNTLDKLTF,TRAV12-2*01,TRAJ10*01,HomoSapiens,YLQPRTFLL,SARS-CoV-2,1,TRB,CASSLDIEAFF,TRBV7-9*01,TRBJ1-1*01
396,2348,TRA,CAGSDPSNTGKLIF,TRAV35*01,TRAJ37*01,HomoSapiens,YLQPRTFLL,SARS-CoV-2,1,TRB,CASSFGAGTAENTGELFF,TRBV5-5*01,TRBJ2-2*01
397,2349,TRA,FYTGGFKTIF,TRAV6*01,TRAJ9*01,HomoSapiens,YLQPRTFLL,SARS-CoV-2,1,TRB,CASRSSGEYEQYF,TRBV19*01,TRBJ2-7*01
398,2351,TRA,CALTDKLIF,TRAV16*01,TRAJ34*01,HomoSapiens,YLQPRTFLL,SARS-CoV-2,1,TRB,CSVETDRNTVEAFF,TRBV29-1*01,TRBJ1-1*01
399,2352,TRA,CAASAGGNNRLAF,TRAV29/DV5*01,TRAJ7*01,HomoSapiens,YLQPRTFLL,SARS-CoV-2,1,TRB,CAWIELNTGELFF,TRBV30*01,TRBJ2-2*01
400,2362,TRA,CALSYSSASKIIF,TRAV16*01,TRAJ3*01,HomoSapiens,YLQPRTFLL,SARS-CoV-2,1,TRB,CASSTMVGGKGEKLFF,TRBV28*01,TRBJ1-4*01
401,2363,TRA,CALTGHAGGTSYGKLTF,TRAV16*01,TRAJ52*01,HomoSapiens,YLQPRTFLL,SARS-CoV-2,1,TRB,CASSEQNTGELFF,TRBV7-8*01,TRBJ2-2*01
402,2364,TRA,CAGPYNFNKFYF,TRAV13-1*01,TRAJ21*01,HomoSapiens,YLQPRTFLL,SARS-CoV-2,1,TRB,CASRDRDSLNTGELFF,TRBV2*01,TRBJ2-2*01
403,2366,TRA,CAASKAAGNKLTF,TRAV23/DV6*01,TRAJ17*01,HomoSapiens,YLQPRTFLL,SARS-CoV-2,1,TRB,CANQDLNTGELFF,TRBV6-2*01,TRBJ2-2*01
404,2367,TRA,CAVSDDQGAQKLVF,TRAV8-4*01,TRAJ54*01,HomoSapiens,YLQPRTFLL,SARS-CoV-2,1,TRB,CASSLPAGWEDTQYF,TRBV28*01,TRBJ2-3*01
405,2368,TRA,CVVNRDDKIIF,TRAV12-1*01,TRAJ30*01,HomoSapiens,YLQPRTFLL,SARS-CoV-2,1,TRB,CASSDSYGYTF,TRBV7-8*01,TRBJ1-2*01
406,2370,TRA,CAVMDSNYQLIW,TRAV1-2*01,TRAJ33*01,HomoSapiens,QYIKWPWYI,SARS-CoV-2,1,TRB,CASSYNRGVWNEQFF,TRBV5-6*01,TRBJ2-1*01
407,2371,TRA,CASNTGKLIF,TRAV16*01,TRAJ37*01,HomoSapiens,QYIKWPWYI,SARS-CoV-2,1,TRB,CASSFPASGLEVTQYF,TRBV7-9*01,TRBJ2-5*01
408,2373,TRA,CALSEFNYGGSQGNLIF,TRAV19*01,TRAJ42*01,HomoSapiens,QYIKWPWYI,SARS-CoV-2,1,TRB,CASSLKAGGLGDTQYF,TRBV28*01,TRBJ2-3*01
409,2374,TRA,CGTESGTGNQFYF,TRAV30*01,TRAJ49*01,HomoSapiens,QYIKWPWYI,SARS-CoV-2,1,TRB,CASSFQGLGNGYTF,TRBV27*01,TRBJ1-2*01
410,2375,TRA,CATTLLTQGGSEKLVF,TRAV12-3*01,TRAJ57*01,HomoSapiens,QYIKWPWYI,SARS-CoV-2,1,TRB,CASSTDFDRRGTQYF,TRBV6-1*01,TRBJ2-5*01
411,2376,TRA,CVGGGGTSGGGADGLTF,TRAV10*01,TRAJ45*01,HomoSapiens,QYIKWPWYI,SARS-CoV-2,1,TRB,CASSYAGAGEQFF,TRBV5-6*01,TRBJ2-1*01
412,2377,TRA,CLVVSDYKLSF,TRAV4*01,TRAJ20*01,HomoSapiens,QYIKWPWYI,SARS-CoV-2,1,TRB,CASSEGLAGPRELFF,TRBV2*01,TRBJ2-2*01
413,2385,TRA,CAMIKNNDMRF,TRAV14/DV4*01,TRAJ43*01,HomoSapiens,QYIKWPWYI,SARS-CoV-2,1,TRB,CASSWTGGSGNTIYF,TRBV28*01,TRBJ1-3*01
414,2386,TRA,CAGLNMYSGGGADGLTF,TRAV22*01,TRAJ45*01,HomoSapiens,QYIKWPWYI,SARS-CoV-2,1,TRB,CSARPTSGGRHYEQYF,TRBV20-1*01,TRBJ2-7*01
415,2387,TRA,CAEENAGNMLTF,TRAV5*01,TRAJ39*01,HomoSapiens,QYIKWPWYI,SARS-CoV-2,1,TRB,CASSLQGARKLFF,TRBV19*01,TRBJ1-4*01
416,2388,TRA,CALSDLVLGSNYQLIW,TRAV19*01,TRAJ33*01,HomoSapiens,QYIKWPWYI,SARS-CoV-2,1,TRB,CSARDQQGAHLEQYF,TRBV20-1*01,TRBJ2-7*01
417,2389,TRA,CAQPTGTASKLTF,TRAV19*01,TRAJ44*01,HomoSapiens,QYIKWPWYI,SARS-CoV-2,1,TRB,CASSGGSENTEAFF,TRBV2*01,TRBJ1-1*01
418,2390,TRA,CVVSVLTGGGADGLTF,TRAV10*01,TRAJ45*01,HomoSapiens,QYIKWPWYI,SARS-CoV-2,1,TRB,CASSLAGTGFGHEQYF,TRBV5-6*01,TRBJ2-7*01
419,2391,TRA,CAVWDTGKLIF,TRAV21*01,TRAJ37*01,HomoSapiens,QYIKWPWYI,SARS-CoV-2,1,TRB,CATSTEQGREQFF,TRBV15*01,TRBJ2-1*01
420,2392,TRA,GVWPARGRGVKIIF,TRAV19*01,TRAJ3*01,HomoSapiens,QYIKWPWYI,SARS-CoV-2,1,TRB,CSARDQGGTGVLDTQYF,TRBV20-1*01,TRBJ2-3*01
421,2393,TRA,CAVRAYNNDMRF,TRAV3*01,TRAJ43*01,HomoSapiens,QYIKWPWYI,SARS-CoV-2,1,TRB,CASSQGLGGTDNSPLHF,TRBV3-1*01,TRBJ1-6*01
422,2394,TRA,CALNPMYSGGGADGLTF,TRAV19*01,TRAJ45*01,HomoSapiens,QYIKWPWYI,SARS-CoV-2,1,TRB,CASSVTLWTGTSTRSADTQYF,TRBV2*01,TRBJ2-3*01
423,2395,TRA,CAASNTGNQFYF,TRAV29/DV5*01,TRAJ49*01,HomoSapiens,QYIKWPWYI,SARS-CoV-2,1,TRB,CASSFYMGYEQYF,TRBV27*01,TRBJ2-7*01
424,2396,TRA,CAVSNTGNQFYF,TRAV8-4*01,TRAJ49*01,HomoSapiens,QYIKWPWYI,SARS-CoV-2,1,TRB,CASSFYMGYEQYF,TRBV27*01,TRBJ2-7*01
425,2397,TRA,CAEILVSSASKIIF,TRAV5*01,TRAJ3*01,HomoSapiens,QYIKWPWYI,SARS-CoV-2,1,TRB,CSARDQGQTYEQYF,TRBV20-1*01,TRBJ2-7*01
426,2398,TRA,CAMRVVNRDDKIIF,TRAV14/DV4*01,TRAJ30*01,HomoSapiens,QYIKWPWYI,SARS-CoV-2,1,TRB,CASSIRAGGRRDEQFF,TRBV19*01,TRBJ2-1*01
427,2399,TRA,CALSGLTGANNLFF,TRAV19*01,TRAJ36*01,HomoSapiens,QYIKWPWYI,SARS-CoV-2,1,TRB,CSARDLAGSGGADTQYF,TRBV20-1*01,TRBJ2-3*01
428,2400,TRA,CGTAIYNQGGKLIF,TRAV30*01,TRAJ23*01,HomoSapiens,QYIKWPWYI,SARS-CoV-2,1,TRB,CSAPRQGWADTQYF,TRBV20-1*01,TRBJ2-3*01
429,2401,TRA,CAAGPPGFKTIF,TRAV12-2*01,TRAJ9*01,HomoSapiens,QYIKWPWYI,SARS-CoV-2,1,TRB,CASSTGQGVWEQFF,TRBV5-6*01,TRBJ2-1*01
430,2402,TRA,CAVRDIQGGGFKTIF,TRAV3*01,TRAJ9*01,HomoSapiens,QYIKWPWYI,SARS-CoV-2,1,TRB,CSARDQAEAYEQYF,TRBV20-1*01,TRBJ2-7*01
431,2403,TRA,CAFWRVGSGGGADGLTF,TRAV24*01,TRAJ45*01,HomoSapiens,QYIKWPWYI,SARS-CoV-2,1,TRB,CASSLQQGITDTQYF,TRBV5-6*01,TRBJ2-3*01
432,2412,TRA,CAVTDSWGKLQF,TRAV21*01,TRAJ24*01,HomoSapiens,QYIKWPWYI,SARS-CoV-2,1,TRB,CASRRPGRFTDTQYF,TRBV28*01,TRBJ2-3*01
433,2413,TRA,CAFPQGGSNYKLTF,TRAV24*01,TRAJ53*01,HomoSapiens,QYIKWPWYI,SARS-CoV-2,1,TRB,CSARDIRTSGSYEQYF,TRBV20-1*01,TRBJ2-7*01
434,2414,TRA,CALDTSNTGNQFYF,TRAV6*01,TRAJ49*01,HomoSapiens,QYIKWPWYI,SARS-CoV-2,1,TRB,CSARGTGAYEQYF,TRBV20-1*01,TRBJ2-7*01
435,2423,TRA,CAVLEGAQKLVF,TRAV8-4*01,TRAJ54*01,HomoSapiens,QYIKWPWYI,SARS-CoV-2,1,TRB,CASSPPQGGSYEQYF,TRBV18*01,TRBJ2-7*01
436,2424,TRA,CAARRGNKLVF,TRAV29/DV5*01,TRAJ47*01,HomoSapiens,QYIKWPWYI,SARS-CoV-2,1,TRB,CASSLGGFGSPLHF,TRBV5-6*01,TRBJ1-6*01
437,2426,TRA,CAARRGNKLVF,TRAV29/DV5*01,TRAJ47*01,HomoSapiens,QYIKWPWYI,SARS-CoV-2,1,TRB,CASSLGSYGSPLHF,TRBV5-6*01,TRBJ1-6*01
438,2427,TRA,CAGFISNFGNEKLTF,TRAV35*01,TRAJ48*01,HomoSapiens,QYIKWPWYI,SARS-CoV-2,1,TRB,CSVLTGAGVYTGELFF,TRBV29-1*01,TRBJ2-2*01
439,2428,TRA,CAALNYGGSQGNLIF,TRAV35*01,TRAJ42*01,HomoSapiens,TFEYVSQPFLMDLE,SARS-CoV-2,1,TRB,CASITGTGGFGYTF,TRBV6-1*01,TRBJ1-2*01
440,2429,TRA,CAGQLYGGSQGNLIF,TRAV35*01,TRAJ42*01,HomoSapiens,TFEYVSQPFLMDLE,SARS-CoV-2,1,TRB,CASSLRTSGTGEQFF,TRBV11-1*01,TRBJ2-1*01
441,2430,TRA,CAGQLYGGSQGNLIF,TRAV35*01,TRAJ42*01,HomoSapiens,TFEYVSQPFLMDLE,SARS-CoV-2,1,TRB,CASSPRGRGAETQYF,TRBV7-2*01,TRBJ2-5*01
442,2431,TRA,CAGQNYGGSQGNLIF,TRAV35*01,TRAJ42*01,HomoSapiens,TFEYVSQPFLMDLE,SARS-CoV-2,1,TRB,CASSPRGPPNTGELFF,TRBV27*01,TRBJ2-2*01
443,2432,TRA,CAGRNYGGSQGNLIF,TRAV35*01,TRAJ42*01,HomoSapiens,TFEYVSQPFLMDLE,SARS-CoV-2,1,TRB,CASSIRPHDRYTF,TRBV6-2*01,TRBJ1-2*01
444,2433,TRA,CAVSNYGGSQGNLIF,TRAV8-4*01,TRAJ42*01,HomoSapiens,TFEYVSQPFLMDLE,SARS-CoV-2,1,TRB,CASSYRDPLQGQFF,TRBV28*01,TRBJ2-1*01
445,2434,TRA,CAGQLSGGSNYKLTF,TRAV35*01,TRAJ53*01,HomoSapiens,TFEYVSQPFLMDLE,SARS-CoV-2,1,TRB,CASSFNRRGLENYGYTF,TRBV5-4*01,TRBJ1-2*01
446,2435,TRA,CAGFLYTGANSKLTF,TRAV35*01,TRAJ56*01,HomoSapiens,TFEYVSQPFLMDLE,SARS-CoV-2,1,TRB,CASSGTLGQFF,TRBV7-9*01,TRBJ2-1*01
447,2436,TRA,CAGMNYGGSQGNLIF,TRAV35*01,TRAJ42*01,HomoSapiens,TFEYVSQPFLMDLE,SARS-CoV-2,1,TRB,CASSKNPGQLYGYTF,TRBV6-2*01,TRBJ1-2*01
448,2437,TRA,CAALNYGGSQGNLIF,TRAV35*01,TRAJ42*01,HomoSapiens,TFEYVSQPFLMDLE,SARS-CoV-2,1,TRB,CATTSGGALYGYTF,TRBV19*01,TRBJ1-2*01
449,2438,TRA,CAGLNYGGSQGNLIF,TRAV35*01,TRAJ42*01,HomoSapiens,TFEYVSQPFLMDLE,SARS-CoV-2,1,TRB,CAWSRRGLGYTF,TRBV30*01,TRBJ1-2*01
450,2439,TRA,CAGMNYGGSQGNLIF,TRAV35*01,TRAJ42*01,HomoSapiens,TFEYVSQPFLMDLE,SARS-CoV-2,1,TRB,CASSAQGALGYTF,TRBV9*01,TRBJ1-2*01
451,2453,TRA,CAGLNYGGSQGNLIF,TRAV35*01,TRAJ42*01,HomoSapiens,TFEYVSQPFLMDLE,SARS-CoV-2,1,TRB,CASSPRLAGSTGELFF,TRBV9*01,TRBJ2-2*01
452,2454,TRA,CAGQLYGGSQGNLIF,TRAV35*01,TRAJ42*01,HomoSapiens,TFEYVSQPFLMDLE,SARS-CoV-2,1,TRB,CASSLRAGAPTGELFF,TRBV7-2*01,TRBJ2-2*01
453,2455,TRA,CAGQNYGGSQGNLIF,TRAV35*01,TRAJ42*01,HomoSapiens,TFEYVSQPFLMDLE,SARS-CoV-2,1,TRB,CASSLRGGSPTGYTF,TRBV11-2*01,TRBJ1-2*01
454,2456,TRA,CAGQNYGGSQGNLIF,TRAV35*01,TRAJ42*01,HomoSapiens,TFEYVSQPFLMDLE,SARS-CoV-2,1,TRB,CASSPRDRVNTGELFF,TRBV7-2*01,TRBJ2-2*01
455,2457,TRA,CAGMNYGGSQGNLIF,TRAV35*01,TRAJ42*01,HomoSapiens,TFEYVSQPFLMDLE,SARS-CoV-2,1,TRB,CASTARGGNGYTF,TRBV6-6*01,TRBJ1-2*01
456,2458,TRA,CAGLNYGGSQGNLIF,TRAV35*01,TRAJ42*01,HomoSapiens,TFEYVSQPFLMDLE,SARS-CoV-2,1,TRB,CASRTKGGLGYTF,TRBV6-5*01,TRBJ1-2*01
457,2459,TRA,CAGQNYGGSQGNLIF,TRAV35*01,TRAJ42*01,HomoSapiens,TFEYVSQPFLMDLE,SARS-CoV-2,1,TRB,CASSPRDRLNTGELFF,TRBV9*01,TRBJ2-2*01
458,2460,TRA,CAGHNYGGSQGNLIF,TRAV35*01,TRAJ42*01,HomoSapiens,TFEYVSQPFLMDLE,SARS-CoV-2,1,TRB,CASSPRDRVASVSGNTIYF,TRBV9*01,TRBJ1-3*01
459,2461,TRA,CAGLNYGGSQGNLIF,TRAV35*01,TRAJ42*01,HomoSapiens,TFEYVSQPFLMDLE,SARS-CoV-2,1,TRB,CASSSQGALNGYTF,TRBV25-1*01,TRBJ1-2*01
460,2462,TRA,CAGLNYGGSQGNLIF,TRAV35*01,TRAJ42*01,HomoSapiens,TFEYVSQPFLMDLE,SARS-CoV-2,1,TRB,CASSLTRGAGSIGELFF,TRBV7-3*01,TRBJ2-2*01
461,2463,TRA,CAGMNYGGSQGNLIF,TRAV35*01,TRAJ42*01,HomoSapiens,TFEYVSQPFLMDLE,SARS-CoV-2,1,TRB,CASSPDRGLGGYTF,TRBV25-1*01,TRBJ1-2*01
462,2464,TRA,CAGMNYGGSQGNLIF,TRAV35*01,TRAJ42*01,HomoSapiens,TFEYVSQPFLMDLE,SARS-CoV-2,1,TRB,CASSSQGALYGYTF,TRBV25-1*01,TRBJ1-2*01
463,2465,TRA,CAGMNYGGSQGNLIF,TRAV35*01,TRAJ42*01,HomoSapiens,TFEYVSQPFLMDLE,SARS-CoV-2,1,TRB,CASSYRARVNTGELFF,TRBV6-5*01,TRBJ2-2*01
464,2466,TRA,CAGMNYGGSQGNLIF,TRAV35*01,TRAJ42*01,HomoSapiens,TFEYVSQPFLMDLE,SARS-CoV-2,1,TRB,CASSERDRVNTGELFF,TRBV9*01,TRBJ2-2*01
465,2467,TRA,CAGQNYGGSQGNLIF,TRAV35*01,TRAJ42*01,HomoSapiens,TFEYVSQPFLMDLE,SARS-CoV-2,1,TRB,CASSYASGGRPNTGELFF,TRBV6-5*01,TRBJ2-2*01
466,2468,TRA,CAGLNYGGSQGNLIF,TRAV35*01,TRAJ42*01,HomoSapiens,TFEYVSQPFLMDLE,SARS-CoV-2,1,TRB,CATSGRGGFGYTF,TRBV24-1*01,TRBJ1-2*01
467,2469,TRA,CAGLNYGGSQGNLIF,TRAV35*01,TRAJ42*01,HomoSapiens,TFEYVSQPFLMDLE,SARS-CoV-2,1,TRB,CASSLRDRLNTGELFF,TRBV9*01,TRBJ2-2*01
468,2470,TRA,CAGQLYGGSQGNLIF,TRAV35*01,TRAJ42*01,HomoSapiens,TFEYVSQPFLMDLE,SARS-CoV-2,1,TRB,CASSPRGSGNTIYF,TRBV6-6*01,TRBJ1-3*01
469,2471,TRA,CAGMNYGGSQGNLIF,TRAV35*01,TRAJ42*01,HomoSapiens,TFEYVSQPFLMDLE,SARS-CoV-2,1,TRB,CASSRRGGDGYTF,TRBV11-2*01,TRBJ1-2*01
470,2472,TRA,CAGLNYGGSQGNLIF,TRAV35*01,TRAJ42*01,HomoSapiens,TFEYVSQPFLMDLE,SARS-CoV-2,1,TRB,CASSGRGSFGYTF,TRBV6-1*01,TRBJ1-2*01
471,2478,TRA,CAGQLFKAAGNKLTF,TRAV35*01,TRAJ17*01,HomoSapiens,TFEYVSQPFLMDLE,SARS-CoV-2,1,TRB,CAWSPRGTEAFF,TRBV30*01,TRBJ1-1*01
472,2479,TRA,CAGMNYGGSQGNLIF,TRAV35*01,TRAJ42*01,HomoSapiens,TFEYVSQPFLMDLE,SARS-CoV-2,1,TRB,CASSYRGDYGYTF,TRBV6-2*01,TRBJ1-2*01
473,2480,TRA,CAGQNYGGSQGNLIF,TRAV35*01,TRAJ42*01,HomoSapiens,TFEYVSQPFLMDLE,SARS-CoV-2,1,TRB,CASSFRKGSLNGYTF,TRBV27*01,TRBJ1-2*01
474,2481,TRA,CAGQNYGGSQGNLIF,TRAV35*01,TRAJ42*01,HomoSapiens,TFEYVSQPFLMDLE,SARS-CoV-2,1,TRB,CASSYKRRPNTGELFF,TRBV6-5*01,TRBJ2-2*01
475,2482,TRA,CAGQNYGGSQGNLIF,TRAV35*01,TRAJ42*01,HomoSapiens,TFEYVSQPFLMDLE,SARS-CoV-2,1,TRB,CASSLRGLEKLFF,TRBV6-6*01,TRBJ1-4*01
476,2483,TRA,CAAHNSGGSNYKLTF,TRAV35*01,TRAJ53*01,HomoSapiens,TFEYVSQPFLMDLE,SARS-CoV-2,1,TRB,CASSFRRDTPNGYTF,TRBV7-2*01,TRBJ1-2*01
477,2484,TRA,CAAMNYGGSQGNLIF,TRAV35*01,TRAJ42*01,HomoSapiens,TFEYVSQPFLMDLE,SARS-CoV-2,1,TRB,CASSYSKGSLGYTF,TRBV6-2*01,TRBJ1-2*01
478,2485,TRA,CAGLNYGGSQGNLIF,TRAV35*01,TRAJ42*01,HomoSapiens,TFEYVSQPFLMDLE,SARS-CoV-2,1,TRB,CASSATGGVGYTF,TRBV5-5*01,TRBJ1-2*01
479,2486,TRA,CAGRNYGGSQGNLIF,TRAV35*01,TRAJ42*01,HomoSapiens,TFEYVSQPFLMDLE,SARS-CoV-2,1,TRB,CASSWGPGSLYGYTF,TRBV6-2*01,TRBJ1-2*01
480,2501,TRA,CAGQLYKAAGNKLTF,TRAV35*01,TRAJ17*01,HomoSapiens,TFEYVSQPFLMDLE,SARS-CoV-2,1,TRB,CASSPRPGQGWSPLHF,TRBV28*01,TRBJ1-6*01
481,2502,TRA,CAAMNYGGSQGNLIF,TRAV35*01,TRAJ42*01,HomoSapiens,TFEYVSQPFLMDLE,SARS-CoV-2,1,TRB,CASSPRDRANTGELFF,TRBV9*01,TRBJ2-2*01
482,2503,TRA,CAGLNYGGSQGNLIF,TRAV35*01,TRAJ42*01,HomoSapiens,TFEYVSQPFLMDLE,SARS-CoV-2,1,TRB,CASSSRGDYGYTF,TRBV6-6*01,TRBJ1-2*01
483,2504,TRA,CAGMNYGGSQGNLIF,TRAV35*01,TRAJ42*01,HomoSapiens,TFEYVSQPFLMDLE,SARS-CoV-2,1,TRB,CASSSREGLGYTF,TRBV11-2*01,TRBJ1-2*01
484,2505,TRA,CAGMNYGGSQGNLIF,TRAV35*01,TRAJ42*01,HomoSapiens,TFEYVSQPFLMDLE,SARS-CoV-2,1,TRB,CASSPDRFNGLNTIYF,TRBV18*01,TRBJ1-3*01
485,2506,TRA,CAGMNYGGSQGNLIF,TRAV35*01,TRAJ42*01,HomoSapiens,TFEYVSQPFLMDLE,SARS-CoV-2,1,TRB,CASSSRQGSLKQYF,TRBV6-6*01,TRBJ2-7*01
486,2507,TRA,CALRAGTYKYIF,TRAV18*01,TRAJ40*01,HomoSapiens,TFEYVSQPFLMDLE,SARS-CoV-2,1,TRB,CASSQAGWNTEAFF,TRBV4-1*01,TRBJ1-1*01
487,2508,TRA,CAGQLYGGSQGNLIF,TRAV35*01,TRAJ42*01,HomoSapiens,TFEYVSQPFLMDLE,SARS-CoV-2,1,TRB,CASSPRTSANTGELFF,TRBV9*01,TRBJ2-2*01
488,2509,TRA,CAGQLHKAAGNKLTF,TRAV35*01,TRAJ17*01,HomoSapiens,TFEYVSQPFLMDLE,SARS-CoV-2,1,TRB,CASSPRGTEAFF,TRBV18*01,TRBJ1-1*01
489,2510,TRA,CAGMNYGGSQGNLIF,TRAV35*01,TRAJ42*01,HomoSapiens,TFEYVSQPFLMDLE,SARS-CoV-2,1,TRB,CASSPRTGTPHGYTF,TRBV12-3*01,TRBJ1-2*01
490,2511,TRA,CAGQNYGGSQGNLIF,TRAV35*01,TRAJ42*01,HomoSapiens,TFEYVSQPFLMDLE,SARS-CoV-2,1,TRB,CASSHRDRPNTGELFF,TRBV9*01,TRBJ2-2*01
491,2512,TRA,CAGRNYGGSQGNLIF,TRAV35*01,TRAJ42*01,HomoSapiens,TFEYVSQPFLMDLE,SARS-CoV-2,1,TRB,CASSGTFGYTF,TRBV6-2*01,TRBJ1-2*01
492,2513,TRA,CAYLNYGGSQGNLIF,TRAV35*01,TRAJ42*01,HomoSapiens,TFEYVSQPFLMDLE,SARS-CoV-2,1,TRB,CATPTGAFGYTF,TRBV7-9*01,TRBJ1-2*01
493,2514,TRA,CAGHLFKAAGNKLTF,TRAV35*01,TRAJ17*01,HomoSapiens,TFEYVSQPFLMDLE,SARS-CoV-2,1,TRB,CASRDRARSDTEAFF,TRBV7-9*01,TRBJ1-1*01
494,2515,TRA,CAGFNYGGSQGNLIF,TRAV35*01,TRAJ42*01,HomoSapiens,TFEYVSQPFLMDLE,SARS-CoV-2,1,TRB,CASSDRGALGYTF,TRBV11-2*01,TRBJ1-2*01
495,2516,TRA,CAGLNYGGSQGNLIF,TRAV35*01,TRAJ42*01,HomoSapiens,TFEYVSQPFLMDLE,SARS-CoV-2,1,TRB,CASSARGGNGYTF,TRBV6-1*01,TRBJ1-2*01
496,2517,TRA,CAGLNYGGSQGNLIF,TRAV35*01,TRAJ42*01,HomoSapiens,TFEYVSQPFLMDLE,SARS-CoV-2,1,TRB,CASSNRGLGYTF,TRBV6-4*01,TRBJ1-2*01
497,2518,TRA,CAGMNYGGSQGNLIF,TRAV35*01,TRAJ42*01,HomoSapiens,TFEYVSQPFLMDLE,SARS-CoV-2,1,TRB,CASSAGVGYTF,TRBV4-1*01,TRBJ1-2*01
498,2519,TRA,CAGQNYGGRQGNLIF,TRAV35*01,TRAJ42*01,HomoSapiens,TFEYVSQPFLMDLE,SARS-CoV-2,1,TRB,CASSVRDRANTGELFF,TRBV9*01,TRBJ2-2*01
499,2520,TRA,CAGQNYGGSQGNLIF,TRAV35*01,TRAJ42*01,HomoSapiens,TFEYVSQPFLMDLE,SARS-CoV-2,1,TRB,CASSYRNSGGYGYTF,TRBV6-2*01,TRBJ1-2*01
500,2521,TRA,CAGQNYGGSQGNLIF,TRAV35*01,TRAJ42*01,HomoSapiens,TFEYVSQPFLMDLE,SARS-CoV-2,1,TRB,CASSRTGGVGYTF,TRBV6-4*01,TRBJ1-2*01
501,2522,TRA,CAGQNYGGSQGNLIF,TRAV35*01,TRAJ42*01,HomoSapiens,TFEYVSQPFLMDLE,SARS-CoV-2,1,TRB,CASSVRDRANTGELFF,TRBV9*01,TRBJ2-2*01
502,2523,TRA,CAVMNYGGSQGNLIF,TRAV35*01,TRAJ42*01,HomoSapiens,TFEYVSQPFLMDLE,SARS-CoV-2,1,TRB,CASSYRGAYGYTF,TRBV6-5*01,TRBJ1-2*01
503,2524,TRA,CAVSLISSGSARQLTF,TRAV8-6*01,TRAJ22*01,HomoSapiens,TFEYVSQPFLMDLE,SARS-CoV-2,1,TRB,CASSLGPWETQYF,TRBV27*01,TRBJ2-5*01
504,2525,TRA,CAGLNYGGSQGNLIF,TRAV35*01,TRAJ42*01,HomoSapiens,TFEYVSQPFLMDLE,SARS-CoV-2,1,TRB,CASSPRRGSLSGYTF,TRBV6-5*01,TRBJ1-2*01
505,2550,TRA,CATSTSGTYKYIF,TRAV14/DV4*01,TRAJ40*01,HomoSapiens,TFEYVSQPFLMDLE,SARS-CoV-2,1,TRB,CASRFGTNSYNEQFF,TRBV12-3*01,TRBJ2-1*01
506,2551,TRA,CAGQLQKAACNKLIF,TRAV35*01,TRAJ17*01,HomoSapiens,TFEYVSQPFLMDLE,SARS-CoV-2,1,TRB,CASSLGDRGQLGYGYTF,TRBV5-5*01,TRBJ1-2*01
507,2552,TRA,CAGLNYGGSQGNLIF,TRAV35*01,TRAJ42*01,HomoSapiens,TFEYVSQPFLMDLE,SARS-CoV-2,1,TRB,CASSPRGGHGYTF,TRBV14*01,TRBJ1-2*01
508,2553,TRA,CAGLNYGGSQGNLIF,TRAV35*01,TRAJ42*01,HomoSapiens,TFEYVSQPFLMDLE,SARS-CoV-2,1,TRB,CASRRDRGLEGYTF,TRBV6-1*01,TRBJ1-2*01
509,2554,TRA,CAGLNYGGSQGNLIF,TRAV35*01,TRAJ42*01,HomoSapiens,TFEYVSQPFLMDLE,SARS-CoV-2,1,TRB,CASTVPGQLYGYTF,TRBV6-1*01,TRBJ1-2*01
510,2555,TRA,CAGMNYGGSQGNLIF,TRAV35*01,TRAJ42*01,HomoSapiens,TFEYVSQPFLMDLE,SARS-CoV-2,1,TRB,CASSSGRGSGYTF,TRBV6-2*01,TRBJ1-2*01
511,2556,TRA,CAGMNYGGSQGNLIF,TRAV35*01,TRAJ42*01,HomoSapiens,TFEYVSQPFLMDLE,SARS-CoV-2,1,TRB,CASSPGQGSIYGYTF,TRBV7-8*01,TRBJ1-2*01
512,2557,TRA,CAGQNYGGSQGNLIF,TRAV35*01,TRAJ42*01,HomoSapiens,TFEYVSQPFLMDLE,SARS-CoV-2,1,TRB,CASSRTGGSINGYTF,TRBV6-4*01,TRBJ1-2*01
513,2558,TRA,CAGQNYGGSQGNLIF,TRAV35*01,TRAJ42*01,HomoSapiens,TFEYVSQPFLMDLE,SARS-CoV-2,1,TRB,CASSARQGIGLGTNEKLFF,TRBV6-6*01,TRBJ1-4*01
514,2559,TRA,CAGRNYGGSQGNLIF,TRAV35*01,TRAJ42*01,HomoSapiens,TFEYVSQPFLMDLE,SARS-CoV-2,1,TRB,CASSPGQGSIYGYTF,TRBV6-4*01,TRBJ1-2*01
515,2560,TRA,CAGQNYGGSQGNLIF,TRAV35*01,TRAJ42*01,HomoSapiens,TFEYVSQPFLMDLE,SARS-CoV-2,1,TRB,CATSPRGAWGYTF,TRBV24-1*01,TRBJ1-2*01
516,2581,TRA,CAGQLFKAAGNKLTF,TRAV35*01,TRAJ17*01,HomoSapiens,TFEYVSQPFLMDLE,SARS-CoV-2,1,TRB,CASVNRGGQPQHF,TRBV6-1*01,TRBJ1-5*01
517,2582,TRA,CAGQLQKAAGNKLTF,TRAV35*01,TRAJ17*01,HomoSapiens,TFEYVSQPFLMDLE,SARS-CoV-2,1,TRB,CASSKRQSTVYGYTF,TRBV7-2*01,TRBJ1-2*01
518,2583,TRA,CAGANYGGSQGNLIF,TRAV35*01,TRAJ42*01,HomoSapiens,TFEYVSQPFLMDLE,SARS-CoV-2,1,TRB,CASRGRGPETQYF,TRBV19*01,TRBJ2-5*01
519,2584,TRA,CAGMNYGGSQGNLIF,TRAV35*01,TRAJ42*01,HomoSapiens,TFEYVSQPFLMDLE,SARS-CoV-2,1,TRB,CATSLTGGSGYTF,TRBV24-1*01,TRBJ1-2*01
520,2585,TRA,CAGMNYGGSQGNLIF,TRAV35*01,TRAJ42*01,HomoSapiens,TFEYVSQPFLMDLE,SARS-CoV-2,1,TRB,CATSPRGAVGYTF,TRBV24-1*01,TRBJ1-2*01
521,2586,TRA,CAGMNYGGSQGNLIF,TRAV35*01,TRAJ42*01,HomoSapiens,TFEYVSQPFLMDLE,SARS-CoV-2,1,TRB,CASSERQGSLYGYTF,TRBV6-1*01,TRBJ1-2*01
522,2587,TRA,CAGMNYGGSQGNLIF,TRAV35*01,TRAJ42*01,HomoSapiens,TFEYVSQPFLMDLE,SARS-CoV-2,1,TRB,CASSYRGTGIYGYTF,TRBV6-2*01,TRBJ1-2*01
523,2588,TRA,CAGMNYGGSQGNLIF,TRAV35*01,TRAJ42*01,HomoSapiens,TFEYVSQPFLMDLE,SARS-CoV-2,1,TRB,CASSVRDRVNTGELFF,TRBV9*01,TRBJ2-2*01
524,2589,TRA,CAGQNYGGSQGNLIF,TRAV35*01,TRAJ42*01,HomoSapiens,TFEYVSQPFLMDLE,SARS-CoV-2,1,TRB,CASSKNRDSLPYGYTF,TRBV7-2*01,TRBJ1-2*01
525,2605,TRA,CAADNQGGKLIF,TRAV5*01,TRAJ23*01,HomoSapiens,GILGFVFTL,InfluenzaA,1,TRB,CASSGRSADTQYF,TRBV19*01,TRBJ2-3*01
526,2607,TRA,CAGNYGGSQGNLIF,TRAV25*01,TRAJ42*01,HomoSapiens,GILGFVFTL,InfluenzaA,1,TRB,CASSLRSTGELFF,TRBV19*01,TRBJ2-2*01
527,2608,TRA,CAGGGSQGNLIF,TRAV27*01,TRAJ42*01,HomoSapiens,GILGFVFTL,InfluenzaA,1,TRB,CASSIRSSYEQYF,TRBV19*02,TRBJ2-7*01
528,2609,TRA,CAVSPMEYGNKLVF,TRAV41*01,TRAJ47*01,HomoSapiens,GILGFVFTL,InfluenzaA,1,TRB,CASSPVGIGEAFF,TRBV18*01,TRBJ1-1*01
529,2611,TRA,CAGNYGGSQGNLIF,TRAV25*01,TRAJ42*01,HomoSapiens,GILGFVFTL,InfluenzaA,1,TRB,CASSIRSTGELFF,TRBV19*02,TRBJ2-2*01
530,2612,TRA,CAPLLQGAQKLVF,TRAV41*01,TRAJ54*01,HomoSapiens,GILGFVFTL,InfluenzaA,1,TRB,CASSFGMHGYTF,TRBV19*01,TRBJ1-2*01
531,2613,TRA,CAASAGGGSQGNLIF,TRAV29/DV5*01,TRAJ42*01,HomoSapiens,GILGFVFTL,InfluenzaA,1,TRB,CASSIRASYEQYF,TRBV19*02,TRBJ2-7*01
532,2614,TRA,CAVGGSQGNLIF,TRAV8-3*01,TRAJ42*01,HomoSapiens,GILGFVFTL,InfluenzaA,1,TRB,CASSMISINEQFF,TRBV19*02,TRBJ2-1*01
533,2615,TRA,CALSGIGGSQGNLIF,TRAV16*01,TRAJ42*01,HomoSapiens,GILGFVFTL,InfluenzaA,1,TRB,CASSTRSSYEQYF,TRBV19*01,TRBJ2-7*01
534,2616,TRA,CAADNQGGKLIF,TRAV5*01,TRAJ23*01,HomoSapiens,GILGFVFTL,InfluenzaA,1,TRB,CASSGRSADTQYF,TRBV19*02,TRBJ2-3*01
535,2619,TRA,CAGASGSSNTGKLIF,TRAV27*01,TRAJ37*01,HomoSapiens,GILGFVFTL,InfluenzaA,1,TRB,CASSIRSAYEQYF,TRBV19*01,TRBJ2-7*01
536,2624,TRA,CAGDGGGGSQGNLIF,TRAV27*01,TRAJ42*01,HomoSapiens,GILGFVFTL,InfluenzaA,1,TRB,CASSIRSTGELFF,TRBV19*01,TRBJ2-2*01
537,2628,TRA,CADSSSNTGKLIF,TRAV3*01,TRAJ37*01,HomoSapiens,GILGFVFTL,InfluenzaA,1,TRB,CASSGRSQETQYF,TRBV19*01,TRBJ2-5*01
538,2629,TRA,CAGAFGSSNTGKLIF,TRAV27*01,TRAJ37*01,HomoSapiens,GILGFVFTL,InfluenzaA,1,TRB,CASSIRSAYEQYF,TRBV19*02,TRBJ2-7*01
539,2635,TRA,CAATPSNTGKLIF,TRAV22*01,TRAJ37*01,HomoSapiens,GILGFVFTL,InfluenzaA,1,TRB,CASSIRSAYEQYF,TRBV19*01,TRBJ2-7*01
540,2636,TRA,CAGADGSGNTGKLIF,TRAV27*01,TRAJ37*01,HomoSapiens,GILGFVFTL,InfluenzaA,1,TRB,CASSIRSAYEQYF,TRBV19*01,TRBJ2-7*01
541,2637,TRA,CAGNYGGSQGNLIF,TRAV25*01,TRAJ42*01,HomoSapiens,GILGFVFTL,InfluenzaA,1,TRB,CASSIRSTGELFF,TRBV19*01,TRBJ2-2*01
542,2640,TRA,CALSEVQLMDSNYQLIW,TRAV19*01,TRAJ33*01,HomoSapiens,GILGFVFTL,InfluenzaA,1,TRB,CASSIYSGQPQHF,TRBV19*01,TRBJ1-5*01
543,2641,TRA,CAIVEAEYGNKLVF,TRAV1-2*01,TRAJ47*01,HomoSapiens,GILGFVFTL,InfluenzaA,1,TRB,CASSLTGTVYEQYF,TRBV18*01,TRBJ2-7*01
544,2645,TRA,CAGAGNTGKLIF,TRAV27*01,TRAJ37*01,HomoSapiens,GILGFVFTL,InfluenzaA,1,TRB,CASSVRSSYEQYF,TRBV19*01,TRBJ2-7*01
545,2647,TRA,CAGPSEPGDSNYQLIW,TRAV35*01,TRAJ33*01,HomoSapiens,GILGFVFTL,InfluenzaA,1,TRB,CASSGLSNQPQHF,TRBV19*01,TRBJ1-5*01
546,2680,TRA,CAGQRGDGGSQGNLIF,TRAV35*01,TRAJ42*01,HomoSapiens,GILGFVFTL,InfluenzaA,1,TRB,CASSIVSNQPQHF,TRBV19*01,TRBJ1-5*01
547,2685,TRA,CAAIPVRNGRMNYGGSQGNLIF,TRAV29/DV5*01,TRAJ42*01,HomoSapiens,GILGFVFTL,InfluenzaA,1,TRB,CASSSRSGIEQYF,TRBV19*01,TRBJ2-7*01
548,2693,TRA,CATDGGGGSQGNLIF,TRAV17*01,TRAJ42*01,HomoSapiens,GILGFVFTL,InfluenzaA,1,TRB,CASSMRSTDTQYF,TRBV19*01,TRBJ2-3*01
549,2696,TRA,CAPGGDGGSQGNLIF,TRAV3*01,TRAJ42*01,HomoSapiens,GILGFVFTL,InfluenzaA,1,TRB,CASSIRSSYEQYF,TRBV19*02,TRBJ2-7*01
550,2697,TRA,CATDGGGGSQGNLIF,TRAV17*01,TRAJ42*01,HomoSapiens,GILGFVFTL,InfluenzaA,1,TRB,CASSMRSTDTQYF,TRBV19*02,TRBJ2-3*01
551,2698,TRA,CAVSDGENARLMF,TRAV8-4*01,TRAJ31*01,HomoSapiens,GILGFVFTL,InfluenzaA,1,TRB,CASSIRSSYEQYF,TRBV19*01,TRBJ2-7*01
552,2699,TRA,CALLMDSNYQLIW,TRAV13-2*01,TRAJ33*01,HomoSapiens,GILGFVFTL,InfluenzaA,1,TRB,CASGVRSGEVEQFF,TRBV19*01,TRBJ2-1*01
553,2702,TRA,CVASYGGSQGNLIF,TRAV10*01,TRAJ42*01,HomoSapiens,GILGFVFTL,InfluenzaA,1,TRB,CASSTRSTSPGHF,TRBV19*02,TRBJ1-5*01
554,2703,TRA,CAESIPAGANSKLTF,TRAV5*01,TRAJ56*01,HomoSapiens,GILGFVFTL,InfluenzaA,1,TRB,CASSRYHTDTQYF,TRBV19*01,TRBJ2-3*01
555,2705,TRA,CAIQGSQGNLIF,TRAV13-1*01,TRAJ42*01,HomoSapiens,GILGFVFTL,InfluenzaA,1,TRB,CASSTRSSETQYF,TRBV19*01,TRBJ2-5*01
556,2706,TRA,CAGAGGGSQGNLIF,TRAV27*01,TRAJ42*01,HomoSapiens,GILGFVFTL,InfluenzaA,1,TRB,CASSIRSTDTQYF,TRBV19*02,TRBJ2-3*01
557,2707,TRA,CAGAGGGSQGNLIF,TRAV27*01,TRAJ42*01,HomoSapiens,GILGFVFTL,InfluenzaA,1,TRB,CASSTRSTDTQYF,TRBV19*01,TRBJ2-3*01
558,2708,TRA,CAGAGGGSQGNLIF,TRAV27*01,TRAJ42*01,HomoSapiens,GILGFVFTL,InfluenzaA,1,TRB,CASSGRSTDTQYF,TRBV19*01,TRBJ2-3*01
559,2709,TRA,CAGAGSQGNLIF,TRAV27*01,TRAJ42*01,HomoSapiens,GILGFVFTL,InfluenzaA,1,TRB,CASSSRSSYEQYF,TRBV19*02,TRBJ2-7*01
560,2718,TRA,CAGADGSGNTGKLIF,TRAV27*01,TRAJ37*01,HomoSapiens,GILGFVFTL,InfluenzaA,1,TRB,CASSIRSAYEQYF,TRBV19*02,TRBJ2-7*01
561,2811,TRA,CAEIHNNARLMF,TRAV13-2*01,TRAJ12*01,HomoSapiens,NLVPMVATV,CMV,3,TRB,CASSSANYGYTF,TRBV11-1*01,TRBJ1-2*01
562,23177,TRA,CAGNYGGSQGNLIF,TRAV25*01,TRAJ42*01,HomoSapiens,GILGFVFTL,InfluenzaA,1,TRB,CASSARSTGELFF,TRBV19*01,TRBJ2-2*01
563,23178,TRA,CAGAYGGSQGNLIF,TRAV27*01,TRAJ42*01,HomoSapiens,GILGFVFTL,InfluenzaA,1,TRB,CASSSRSSGEQYF,TRBV19*01,TRBJ2-7*01
564,23180,TRA,CATDGGGGSQGNLIF,TRAV17*01,TRAJ42*01,HomoSapiens,GILGFVFTL,InfluenzaA,1,TRB,CASSFRSTDTQYF,TRBV19*01,TRBJ2-3*01
565,23186,TRA,CAEGARDSNYQLIW,TRAV13-2*01,TRAJ33*01,HomoSapiens,GILGFVFTL,InfluenzaA,1,TRB,CASSAQANQPQHF,TRBV25-1*01,TRBJ1-5*01
566,23194,TRA,CAGPSNTGKLIF,TRAV35*01,TRAJ37*01,HomoSapiens,GILGFVFTL,InfluenzaA,1,TRB,CAVLVDPYNEQFF,TRBV4-1*01,TRBJ2-1*01
567,23204,TRA,CILKTGANNLFF,TRAV26-1*01,TRAJ36*01,HomoSapiens,GILGFVFTL,InfluenzaA,1,TRB,CASSVDPAGGSSYEQYF,TRBV9*01,TRBJ2-7*01
568,23205,TRA,CAVRDISVSGGYQKVTF,TRAV3*01,TRAJ13*01,HomoSapiens,GILGFVFTL,InfluenzaA,1,TRB,CASSYLAGEITDTQYF,TRBV6-6*01,TRBJ2-3*01
569,23206,TRA,CAMREVPRGASKLTF,TRAV14/DV4*01,TRAJ44*01,HomoSapiens,GILGFVFTL,InfluenzaA,1,TRB,CASSSPKGAKYEQYF,TRBV28*01,TRBJ2-7*01
570,23220,TRA,CAMREDPGGTSYGKLTF,TRAV14/DV4*01,TRAJ52*01,HomoSapiens,GILGFVFTL,InfluenzaA,1,TRB,CASSIYSNQPQHF,TRBV19*01,TRBJ1-5*01
571,23223,TRA,CAFGHGSSNTGKLIF,TRAV38-1*01,TRAJ37*01,HomoSapiens,GILGFVFTL,InfluenzaA,1,TRB,CASSMVGGSYNEQFF,TRBV19*01,TRBJ2-1*01
572,23229,TRA,CAVPGSQGNLIF,TRAV8-6*01,TRAJ42*01,HomoSapiens,GILGFVFTL,InfluenzaA,1,TRB,CASSIRSGYEQYF,TRBV19*01,TRBJ2-7*01
573,23231,TRA,CAVGGDGGSQGNLIF,TRAV8-3*01,TRAJ42*01,HomoSapiens,GILGFVFTL,InfluenzaA,1,TRB,CASSIRSSYEQYF,TRBV19*01,TRBJ2-7*01
574,23235,TRA,CAGASGNTGKLIF,TRAV27*01,TRAJ37*01,HomoSapiens,GILGFVFTL,InfluenzaA,1,TRB,CASSIRASYEQYF,TRBV19*01,TRBJ2-7*01
575,23241,TRA,CALSGVGGFGNEKLTF,TRAV16*01,TRAJ48*01,HomoSapiens,GILGFVFTL,InfluenzaA,1,TRB,CASSIRASGVEQFF,TRBV19*01,TRBJ2-1*01
576,23244,TRA,CAGGGSQGNLIF,TRAV27*01,TRAJ42*01,HomoSapiens,GILGFVFTL,InfluenzaA,1,TRB,CASSIRSAYEQYF,TRBV19*01,TRBJ2-7*01
577,23250,TRA,CAGPGSQGNLIF,TRAV25*01,TRAJ42*01,HomoSapiens,GILGFVFTL,InfluenzaA,1,TRB,CASSGRSSQPQHF,TRBV19*01,TRBJ1-5*01
578,23254,TRA,CAGAGSQGNLIF,TRAV27*01,TRAJ42*01,HomoSapiens,GILGFVFTL,InfluenzaA,1,TRB,CASSVRSSYEQYF,TRBV19*01,TRBJ2-7*01
579,23258,TRA,CGTDEAGGSQGNLIF,TRAV30*01,TRAJ42*01,HomoSapiens,GILGFVFTL,InfluenzaA,1,TRB,CASSTRSTDTQYF,TRBV19*01,TRBJ2-3*01
580,23267,TRA,CASPGSNTGKLIF,TRAV12-3*01,TRAJ37*01,HomoSapiens,GILGFVFTL,InfluenzaA,1,TRB,CASSMRSADTQYF,TRBV19*01,TRBJ2-3*01
581,23271,TRA,CAGSYGGSQGNLIF,TRAV25*01,TRAJ42*01,HomoSapiens,GILGFVFTL,InfluenzaA,1,TRB,CASSSRSHQPQHF,TRBV19*01,TRBJ1-5*01
582,23302,TRA,CAFMKDAGGTSYGKLTF,TRAV38-1*01,TRAJ52*01,HomoSapiens,GILGFVFTL,InfluenzaA,1,TRB,CASSIGSYGYTF,TRBV19*01,TRBJ1-2*01
583,23304,TRA,CALKRSNTGKLIF,TRAV16*01,TRAJ37*01,HomoSapiens,GILGFVFTL,InfluenzaA,1,TRB,CASSIRSGYEQFF,TRBV19*01,TRBJ2-1*01
584,23305,TRA,CAFMKGAGGTSYGKLTF,TRAV38-1*01,TRAJ52*01,HomoSapiens,GILGFVFTL,InfluenzaA,1,TRB,CASSIGVYGYTF,TRBV19*01,TRBJ1-2*01
585,23306,TRA,CAMRGEEGSQGNLIF,TRAV14/DV4*01,TRAJ42*01,HomoSapiens,GILGFVFTL,InfluenzaA,1,TRB,CASSPTLQGPLGETQYF,TRBV4-1*01,TRBJ2-5*01
586,23307,TRA,CAGAGSQGNLIF,TRAV27*01,TRAJ42*01,HomoSapiens,GILGFVFTL,InfluenzaA,1,TRB,CASSIRSAYEQYF,TRBV19*01,TRBJ2-7*01
587,23308,TRA,CALSDSGYNKLIF,TRAV9-2*01,TRAJ4*01,HomoSapiens,GILGFVFTL,InfluenzaA,1,TRB,CASSPSLAGYGNEQFF,TRBV4-1*01,TRBJ2-1*01
588,23309,TRA,CATHNFGNEKLTF,TRAV17*01,TRAJ48*01,HomoSapiens,GILGFVFTL,InfluenzaA,1,TRB,CASSLFGSPLHF,TRBV9*01,TRBJ1-6*01
589,23310,TRA,CGAAHNYGQNFVF,TRAV34*01,TRAJ26*01,HomoSapiens,GILGFVFTL,InfluenzaA,1,TRB,CASSTGLYGYTF,TRBV19*01,TRBJ1-2*01
590,23312,TRA,CAGASPGGYGGSQGNLIF,TRAV27*01,TRAJ42*01,HomoSapiens,GILGFVFTL,InfluenzaA,1,TRB,CASSIRSSYEQYF,TRBV19*01,TRBJ2-7*01
591,23313,TRA,CASSGVGGRQNNLIF,TRAV12-3*01,TRAJ10*01,HomoSapiens,GILGFVFTL,InfluenzaA,1,TRB,CASSIRAGETQYF,TRBV19*01,TRBJ2-5*01
592,23314,TRA,CGGGGSQGNLIF,TRAV34*01,TRAJ42*01,HomoSapiens,GILGFVFTL,InfluenzaA,1,TRB,CASSIRSAYEQYF,TRBV19*01,TRBJ2-7*01
593,23315,TRA,CAVRDRVDGTASKLTF,TRAV1-2*01,TRAJ44*01,HomoSapiens,GILGFVFTL,InfluenzaA,1,TRB,CASYTSDYGYTF,TRBV25-1*01,TRBJ1-2*01
594,23348,TRA,CAESTSWGKLQF,TRAV5*01,TRAJ24*02,HomoSapiens,GLCTLVAML,EBV,2,TRB,CSVGTGGTNEKLFF,TRBV29-1*01,TRBJ1-4*01
595,23468,TRA,CAAPGAGSYQLTF,TRAV36/DV7*01,TRAJ28*01,HomoSapiens,NLVPMVATV,CMV,1,TRB,CASTLWSATNEKLFF,TRBV28*01,TRBJ1-4*01
596,23689,TRA,CAASRDYKLSF,TRAV13-1*01,TRAJ20*01,HomoSapiens,GLCTLVAML,EBV,1,TRB,CSVGAIMDEQFF,TRBV29-1*01,TRBJ2-1*01
597,23789,TRA,CAEDAGNMLTF,TRAV5*01,TRAJ39*01,HomoSapiens,GLCTLVAML,EBV,1,TRB,CASSQAGLAAYNEQFF,TRBV4-2*01,TRBJ2-1*01
598,23790,TRA,CAEDAGNMLTF,TRAV5*01,TRAJ39*01,HomoSapiens,GLCTLVAML,EBV,1,TRB,CSVTGDRRSNQPQHF,TRBV29-1*01,TRBJ1-5*01
599,23792,TRA,CAEDDNARLMF,TRAV5*01,TRAJ31*01,HomoSapiens,GLCTLVAML,EBV,1,TRB,CSARDRVGNGHTF,TRBV20-1*01,TRBJ1-2*01
600,23793,TRA,CAEDDNARLMF,TRAV5*01,TRAJ31*01,HomoSapiens,GLCTLVAML,EBV,1,TRB,CSARDRVGNGYTF,TRBV20-1*01,TRBJ1-2*01
601,23802,TRA,CAEDNNARLMF,TRAV5*01,TRAJ31*01,HomoSapiens,GLCTLVAML,EBV,1,TRB,CSARDSTGNGYTF,TRBV20-1*01,TRBJ1-2*01
602,23805,TRA,CAEDNNARLMF,TRAV5*01,TRAJ31*01,HomoSapiens,GLCTLVAML,EBV,1,TRB,CSARDTVGNGYTF,TRBV20-1*01,TRBJ1-2*01
603,23806,TRA,CAEDNNARLMF,TRAV5*01,TRAJ31*01,HomoSapiens,GLCTLVAML,EBV,1,TRB,CSARLRELSGNTIYF,TRBV20-1*01,TRBJ1-3*01
604,23807,TRA,CAEDNNARLMF,TRAV5*01,TRAJ31*01,HomoSapiens,GLCTLVAML,EBV,1,TRB,CSARLRKLSGNTIYF,TRBV20-1*01,TRBJ1-3*01
605,23808,TRA,CAEDNNARLMF,TRAV5*01,TRAJ31*01,HomoSapiens,GLCTLVAML,EBV,1,TRB,CSARVEPGNGYTF,TRBV20-1*01,TRBJ1-2*01
606,23810,TRA,CAEDNNPRLMF,TRAV5*01,TRAJ31*01,HomoSapiens,GLCTLVAML,EBV,1,TRB,CSARDSTGNGYTF,TRBV20-1*01,TRBJ1-2*01
607,23812,TRA,CAEDNYGQNFVF,TRAV5*01,TRAJ26*01,HomoSapiens,GLCTLVAML,EBV,1,TRB,CSGREDSTNEKLFF,TRBV29-1*01,TRBJ1-4*01
608,23818,TRA,CAEIPNYGGSQGNLIF,TRAV5*01,TRAJ42*01,HomoSapiens,NLVPMVATV,CMV,1,TRB,CASSFIGGVDGYTF,TRBV12-4*01,TRBJ1-2*01
609,23819,TRA,CAEIQASGGSYIPTF,TRAV5*01,TRAJ6*01,HomoSapiens,NLVPMVATV,CMV,1,TRB,CATGRGGKIGEQYF,TRBV15*01,TRBJ2-7*01
610,23820,TRA,CAEIQASGGSYIPTF,TRAV5*01,TRAJ6*01,HomoSapiens,NLVPMVATV,CMV,1,TRB,CATGRGGMIGEQYF,TRBV15*01,TRBJ2-7*01
611,23822,TRA,CAEITGGGNKLTF,TRAV5*01,TRAJ10*01,HomoSapiens,NLVPMVATV,CMV,1,TRB,CSATDVTKGQLISGYTF,TRBV20-1*01,TRBJ1-2*01
612,23825,TRA,CAEKGGTALIF,TRAV5*01,TRAJ15*01,HomoSapiens,GLCTLVAML,EBV,1,TRB,CSARGQGDEQYF,TRBV20-1*01,TRBJ2-7*01
613,23829,TRA,CAELGNDMRF,TRAV5*01,TRAJ43*01,HomoSapiens,GLCTLVAML,EBV,1,TRB,CASSQSPGGEQYF,TRBV14*01,TRBJ2-7*01
614,23831,TRA,CAENGGGSTLGRLYF,TRAV13-2*01,TRAJ18*01,HomoSapiens,GILGFVFTL,InfluenzaA,1,TRB,CASSTRSTDTQYF,TRBV19*02,TRBJ2-3*01
615,23834,TRA,CAENMGGGSQGNLIF,TRAV13-2*01,TRAJ42*01,HomoSapiens,GILGFVFTL,InfluenzaA,1,TRB,CASSVRAGETQYF,TRBV19*01,TRBJ2-5*01
616,23838,TRA,CAENRYSTLTF,TRAV5*01,TRAJ11*01,HomoSapiens,GLCTLVAML,EBV,1,TRB,CASSVAGGDEQFF,TRBV9*01,TRBJ2-1*01
617,23842,TRA,CAESIGKLIF,TRAV5*01,TRAJ23*01,HomoSapiens,GLCTLVAML,EBV,1,TRB,CSVGAGGTNEKLFF,TRBV29-1*01,TRBJ1-4*01
618,23843,TRA,CAESIGKLIF,TRAV5*01,TRAJ23*01,HomoSapiens,GLCTLVAML,EBV,1,TRB,CSVGSGGTNEKLFF,TRBV29-1*01,TRBJ1-4*01
619,23844,TRA,CAESIGKLIF,TRAV5*01,TRAJ23*01,HomoSapiens,GLCTLVAML,EBV,1,TRB,CSVGTQGTNEKLFF,TRBV29-1*01,TRBJ1-4*01
620,23851,TRA,CAESQGNLIF,TRAV5*01,TRAJ42*01,HomoSapiens,GLCTLVAML,EBV,1,TRB,CASSQSPGGQQFF,TRBV14*01,TRBJ2-1*01
621,23853,TRA,CAESTCWGKLQF,TRAV5*01,TRAJ24*02,HomoSapiens,GLCTLVAML,EBV,1,TRB,CSVGAGGTNEKLFF,TRBV29-1*01,TRBJ1-4*01
622,23857,TRA,CAESTSWGKLQF,TRAV5*01,TRAJ24*02,HomoSapiens,GLCTLVAML,EBV,1,TRB,CSVGAGGTNEKLFF,TRBV29-1*01,TRBJ1-4*01
623,23859,TRA,CAETRSRDYKLSF,TRAV5*01,TRAJ20*01,HomoSapiens,NLVPMVATV,CMV,1,TRB,CASSQEEGPGNQPQHF,TRBV4-1*01,TRBJ1-5*01
624,23866,TRA,CAFLNAGKSTF,TRAV24*01,TRAJ27*01,HomoSapiens,GILGFVFTL,InfluenzaA,1,TRB,CASSDAGGGMAEAFF,TRBV25-1*01,TRBJ1-1*01
625,23871,TRA,CAFMSSPGGTSYGKLTF,TRAV38-1*01,TRAJ52*01,HomoSapiens,GILGFVFTL,InfluenzaA,1,TRB,CASSIGVYGYTF,TRBV19*02,TRBJ1-2*01
626,23873,TRA,CAFPYNNNDMRF,TRAV24*01,TRAJ43*01,HomoSapiens,NLVPMVATV,CMV,1,TRB,CASSLEGYTEAFF,TRBV27*01,TRBJ1-1*01
627,23882,TRA,CAGADGGSQGNLIF,TRAV27*01,TRAJ42*01,HomoSapiens,GILGFVFTL,InfluenzaA,1,TRB,CASSSRSAGELFF,TRBV19*01,TRBJ2-2*01
628,23883,TRA,CAGADGGSQGNLIF,TRAV27*01,TRAJ42*01,HomoSapiens,GILGFVFTL,InfluenzaA,1,TRB,CASSSRSANEQFF,TRBV19*02,TRBJ2-1*01
629,23889,TRA,CAGAGGGSQGNLIF,TRAV27*01,TRAJ42*01,HomoSapiens,GILGFVFTL,InfluenzaA,1,TRB,CASSFRSTDTQYF,TRBV19*02,TRBJ2-3*01
630,23894,TRA,CAGAGGGSQGNLIF,TRAV27*01,TRAJ42*01,HomoSapiens,GILGFVFTL,InfluenzaA,1,TRB,CASSKRSTDTQYF,TRBV19*02,TRBJ2-3*01
631,23914,TRA,CAGAPGSSNTGKLIF,TRAV27*01,TRAJ37*01,HomoSapiens,GILGFVFTL,InfluenzaA,1,TRB,CASSTRSSYEQYF,TRBV19*02,TRBJ2-7*01
632,23915,TRA,CAGAPRTSGTYKYIF,TRAV27*01,TRAJ40*01,HomoSapiens,GILGFVFTL,InfluenzaA,1,TRB,CASSILTGPRTEAFF,TRBV19*01,TRBJ1-1*01
633,23917,TRA,CAGARAGGTSYGKLTF,TRAV27*01,TRAJ52*01,HomoSapiens,GILGFVFTL,InfluenzaA,1,TRB,CSARVRGDVYGYTF,TRBV20-1*01,TRBJ1-2*01
634,23922,TRA,CAGASGSSNTGKLIF,TRAV27*01,TRAJ37*01,HomoSapiens,GILGFVFTL,InfluenzaA,1,TRB,CASSIRSSYEQYF,TRBV19*02,TRBJ2-7*01
635,23925,TRA,CAGATGNTGKLIF,TRAV27*01,TRAJ37*01,HomoSapiens,GILGFVFTL,InfluenzaA,1,TRB,CASSTRSGYEQYF,TRBV19*02,TRBJ2-7*01
636,23931,TRA,CAGAYGGSQGNLIF,TRAV27*01,TRAJ42*01,HomoSapiens,GILGFVFTL,InfluenzaA,1,TRB,CASSIRSTGELFF,TRBV19*02,TRBJ2-2*01
637,23942,TRA,CAGGGSQGNLIF,TRAV27*01,TRAJ42*01,HomoSapiens,GILGFVFTL,InfluenzaA,1,TRB,CAPLKGSSYEQYF,TRBV19*01,TRBJ2-7*01
638,23961,TRA,CAGIDNYGQNFVF,TRAV1-2*01,TRAJ26*01,HomoSapiens,GILGFVFTL,InfluenzaA,1,TRB,CASSGGRNQPQHF,TRBV5-4*01,TRBJ1-5*01
639,23962,TRA,CAGKTSYDKVIF,TRAV25*01,TRAJ50*01,HomoSapiens,NLVPMVATV,CMV,1,TRB,CATEQGMHEQYF,TRBV25-1*01,TRBJ2-7*01
640,23964,TRA,CAGLSGGSYIPTF,TRAV8-4*01,TRAJ6*01,HomoSapiens,GILGFVFTL,InfluenzaA,1,TRB,CASSQDWGAGTQYF,TRBV14*01,TRBJ2-5*01
641,23969,TRA,CAGPDGSSNTGKLIF,TRAV35*01,TRAJ37*01,HomoSapiens,GILGFVFTL,InfluenzaA,1,TRB,CASSLIFPSGEQYF,TRBV27*01,TRBJ2-7*01
642,23973,TRA,CAGPFGRLMF,TRAV27*01,TRAJ31*01,HomoSapiens,GILGFVFTL,InfluenzaA,1,TRB,CASSLFPGFGEQYF,TRBV27*01,TRBJ2-7*01
643,23976,TRA,CAGPRETSYDKVIF,TRAV35*01,TRAJ50*01,HomoSapiens,NLVPMVATV,CMV,1,TRB,CASASANYGYTF,TRBV12-4*01,TRBJ1-2*01
644,23977,TRA,CAGPRETSYDKVIF,TRAV35*01,TRAJ50*01,HomoSapiens,NLVPMVATV,CMV,1,TRB,CASSSAYYGYTF,TRBV12-4*01,TRBJ1-2*01
645,23978,TRA,CAGQASQGNLIF,TRAV35*01,TRAJ42*01,HomoSapiens,NLVPMVATV,CMV,1,TRB,CASSIQALLTF,TRBV12-4*01,TRBJ1-2*01
646,23982,TRA,CAGRDGGSQGNLIF,TRAV35*01,TRAJ42*01,HomoSapiens,GILGFVFTL,InfluenzaA,1,TRB,CASSSRSRQYRGSSYEQYF,TRBV5-6*01,TRBJ2-7*01
647,24005,TRA,CAHDNNARLMF,TRAV5*01,TRAJ31*01,HomoSapiens,GLCTLVAML,EBV,1,TRB,CSARDRTGNGYTF,TRBV20-1*01,TRBJ1-2*01
648,24007,TRA,CAHLGGSSNTGKLIF,TRAV5*01,TRAJ37*01,HomoSapiens,NLVPMVATV,CMV,1,TRB,CAVNGGSNYGYTF,TRBV28*01,TRBJ1-2*01
649,24022,TRA,CALAGSQGNLIF,TRAV23/DV6*01,TRAJ42*01,HomoSapiens,GILGFVFTL,InfluenzaA,1,TRB,CASSIRASYEQYF,TRBV19*02,TRBJ2-7*01
650,24198,TRA,CALNDYKLSF,TRAV3*01,TRAJ20*01,HomoSapiens,GILGFVFTL,InfluenzaA,1,TRB,CASSEAISGAWDEQFF,TRBV6-1*01,TRBJ2-1*01
651,24212,TRA,CALRCFGNEKLTF,TRAV16*01,TRAJ48*01,HomoSapiens,GLCTLVAML,EBV,1,TRB,CSVPITVQETQYF,TRBV29-1*01,TRBJ2-5*01
652,24241,TRA,CALRVMNRDDKIIF,TRAV16*01,TRAJ30*01,HomoSapiens,GILGFVFTL,InfluenzaA,1,TRB,CASSTKVGGTGELFF,TRBV19*01,TRBJ2-2*01
653,24301,TRA,CALSDSGGSNYKLTF,TRAV19*01,TRAJ53*01,HomoSapiens,GILGFVFTL,InfluenzaA,1,TRB,CASSIFSGGQNIQYF,TRBV19*02,TRBJ2-4*01
654,24315,TRA,CALSEAGKTSYDKVIF,TRAV19*01,TRAJ50*01,HomoSapiens,GILGFVFTL,InfluenzaA,1,TRB,CASSQVEAFYEQYF,TRBV4-1*01,TRBJ2-7*01
655,24316,TRA,CALSEAGRGGSYIPTF,TRAV19*01,TRAJ6*01,HomoSapiens,GILGFVFTL,InfluenzaA,1,TRB,CASSIFGGAEAFF,TRBV19*01,TRBJ1-1*01
656,24317,TRA,CALSEALVTGGGNKLTF,TRAV19*01,TRAJ10*01,HomoSapiens,GILGFVFTL,InfluenzaA,1,TRB,CASSLSRRGPNYGYTF,TRBV27*01,TRBJ1-2*01
657,24318,TRA,CALSEASGNAGNMLTF,TRAV19*01,TRAJ39*01,HomoSapiens,GILGFVFTL,InfluenzaA,1,TRB,CASSSPTSGDYEQYF,TRBV27*01,TRBJ2-7*01
658,24358,TRA,CALSGSSVGAAGNKLTF,TRAV19*01,TRAJ17*01,HomoSapiens,GILGFVFTL,InfluenzaA,1,TRB,CASSVVASSYNEQFF,TRBV9*01,TRBJ2-1*01
659,24512,TRA,CAMRDSQGGSEKLVF,TRAV14/DV4*01,TRAJ57*01,HomoSapiens,GILGFVFTL,InfluenzaA,1,TRB,CASSYGLEQFF,TRBV6-3*01,TRBJ2-1*01
660,24606,TRA,CAMRGDPGGTSYGKLTF,TRAV14/DV4*02,TRAJ52*01,HomoSapiens,GILGFVFTL,InfluenzaA,1,TRB,CASSILSNTEAFF,TRBV19*02,TRBJ1-1*01
661,24694,TRA,CAMSERNNARLMF,TRAV12-3*01,TRAJ31*01,HomoSapiens,GILGFVFTL,InfluenzaA,1,TRB,CASGAGGPLNEQFF,TRBV19*01,TRBJ2-1*01
662,24695,TRA,CAMSERNNARLMF,TRAV12-3*01,TRAJ31*01,HomoSapiens,GILGFVFTL,InfluenzaA,1,TRB,CASSDHPGSRELWKHHIF,TRBV6-4*02,TRBJ1-3*01
663,24736,TRA,CARNTGNQFYF,TRAV24*01,TRAJ49*01,HomoSapiens,NLVPMVATV,CMV,1,TRB,CASSAQTGASYGYTF,TRBV6-5*01,TRBJ1-2*01
664,24737,TRA,CARNTGNQFYF,TRAV24*01,TRAJ49*01,HomoSapiens,GILGFVFTL,InfluenzaA,1,TRB,CASSKQTGTGNYGYTF,TRBV6-5*01,TRBJ1-2*01
665,24739,TRA,CARNTGNQFYF,TRAV24*01,TRAJ49*01,HomoSapiens,NLVPMVATV,CMV,1,TRB,CASSWKTGTGGTGYTF,TRBV6-5*01,TRBJ1-2*01
666,24740,TRA,CARNTGNQFYF,TRAV24*01,TRAJ49*01,HomoSapiens,NLVPMVATV,CMV,1,TRB,CASSYQTGTGVYGYTF,TRBV6-5*01,TRBJ1-2*01
667,24748,TRA,CASDNNARLMF,TRAV5*01,TRAJ31*01,HomoSapiens,GLCTLVAML,EBV,1,TRB,CSARDSTGNGYTF,TRBV20-1*01,TRBJ1-2*01
668,24750,TRA,CASGGSQGNLIF,TRAV12-2*01,TRAJ42*01,HomoSapiens,GILGFVFTL,InfluenzaA,1,TRB,CASSSRSAYEQYF,TRBV19*02,TRBJ2-7*01
669,24751,TRA,CASGGSQGNLIF,TRAV29/DV5*01,TRAJ42*01,HomoSapiens,GLCTLVAML,EBV,1,TRB,CASSFGTFETQYF,TRBV27*01,TRBJ2-5*01
670,24761,TRA,CASSSVNEQYF,TRAV9-2*01,TRAJ40*01,HomoSapiens,NLVPMVATV,CMV,1,TRB,CASSPITGTGAYGYTF,TRBV6-5*01,TRBJ1-2*01
671,24779,TRA,CATDALGNGNEKLTF,TRAV17*01,TRAJ48*01,HomoSapiens,GILGFVFTL,InfluenzaA,1,TRB,CATQGDNTYEQYF,TRBV19*01,TRBJ2-7*01
672,24894,TRA,CAVADTGNQFYF,TRAV22*01,TRAJ49*01,HomoSapiens,NLVPMVATV,CMV,1,TRB,CATAITSTQYF,TRBV12-4*01,TRBJ2-3*01
673,24895,TRA,CAVAFGNQFYF,TRAV8-3*01,TRAJ49*01,HomoSapiens,NLVPMVATV,CMV,1,TRB,CASSMTSGALYNEQFF,TRBV27*01,TRBJ2-1*01
674,24906,TRA,CAVDDLYSNYQLIW,TRAV41*01,TRAJ33*01,HomoSapiens,GLCTLVAML,EBV,1,TRB,CASSLSGGINEQFF,TRBV19*02,TRBJ2-1*01
675,24912,TRA,CAVDGSQGNLIF,TRAV8-6*02,TRAJ42*01,HomoSapiens,GILGFVFTL,InfluenzaA,1,TRB,CASSPRGGMTQHF,TRBV19*01,TRBJ1-5*01
676,24925,TRA,CAVGEDSSYKLIF,TRAV22*01,TRAJ12*01,HomoSapiens,GLCTLVAML,EBV,1,TRB,CSAEPGTSGGLQYF,TRBV20-1*01,TRBJ2-4*01
677,24952,TRA,CAVINQAGTALIF,TRAV20*01,TRAJ15*01,HomoSapiens,GILGFVFTL,InfluenzaA,1,TRB,CASSLERNTYEQYF,TRBV28*01,TRBJ2-7*01
678,24975,TRA,CAVNIDTMDSNYQLIW,TRAV12-2*01,TRAJ33*01,HomoSapiens,GLCTLVAML,EBV,1,TRB,CASSVGGEAYEQYF,TRBV9*01,TRBJ2-7*01
679,24976,TRA,CAVNLNEKLTF,TRAV3*01,TRAJ48*01,HomoSapiens,GILGFVFTL,InfluenzaA,1,TRB,CSARDGTRAHYEQFF,TRBV20-1*01,TRBJ2-1*01
680,24981,TRA,CAVNNYGQNFVF,TRAV12-2*01,TRAJ26*01,HomoSapiens,GILGFVFTL,InfluenzaA,1,TRB,CASSVEDYGSVSYGYTF,TRBV9*01,TRBJ1-2*01
681,24982,TRA,CAVNPAEYGNKLVF,TRAV12-2*01,TRAJ47*01,HomoSapiens,GILGFVFTL,InfluenzaA,1,TRB,CASSRVGTTYEQYF,TRBV18*01,TRBJ2-7*01
682,24998,TRA,CAVPKGSQGNLIF,TRAV8-3*01,TRAJ42*01,HomoSapiens,GILGFVFTL,InfluenzaA,1,TRB,CASSIRSSYEQYF,TRBV19*02,TRBJ2-7*01
683,25002,TRA,CAVPPDSWGKLQF,TRAV3*01,TRAJ24*02,HomoSapiens,GILGFVFTL,InfluenzaA,1,TRB,CASSQDLAGEGTDTQYF,TRBV3-1*01,TRBJ2-3*01
684,25006,TRA,CAVPYSGGGADGLTF,TRAV12-2*01,TRAJ45*01,HomoSapiens,GILGFVFTL,InfluenzaA,1,TRB,CATSDFPPGVRGAPQETQYF,TRBV24-1*01,TRBJ2-5*01
685,25019,TRA,CAVRDGTGANNLFF,TRAV3*01,TRAJ36*01,HomoSapiens,GILGFVFTL,InfluenzaA,1,TRB,CASSISSTGELFF,TRBV19*02,TRBJ2-2*01
686,25024,TRA,CAVRDNSITGGFKTIF,TRAV1-1*01,TRAJ9*01,HomoSapiens,NLVPMVATV,CMV,1,TRB,CASSYFDEKLFF,TRBV2*01,TRBJ1-4*01
687,25037,TRA,CAVREVEYGNKLVF,TRAV3*01,TRAJ47*01,HomoSapiens,GILGFVFTL,InfluenzaA,1,TRB,CASSIGYYGYTF,TRBV19*02,TRBJ1-2*01
688,25050,TRA,CAVRNNNARLMF,TRAV3*01,TRAJ31*01,HomoSapiens,NLVPMVATV,CMV,1,TRB,CASSIVNEAFF,TRBV12-4*01,TRBJ1-1*01
689,25058,TRA,CAVRPGYSSASKIIF,TRAV3*01,TRAJ3*01,HomoSapiens,NLVPMVATV,CMV,1,TRB,CASSETSGRSPYEQYF,TRBV6-1*01,TRBJ2-7*01
690,25061,TRA,CAVRQDYQLIW,TRAV3*01,TRAJ33*01,HomoSapiens,NLVPMVATV,CMV,1,TRB,CASGPGTSATDTQYF,TRBV6-5*01,TRBJ2-3*01
691,25270,TRA,CAVSDSGTGNQFYF,TRAV8-6*02,TRAJ49*01,HomoSapiens,GILGFVFTL,InfluenzaA,1,TRB,CASSQMTGLNTEAFF,TRBV28*01,TRBJ1-1*01
692,25429,TRA,CAVSGSQGNLIF,TRAV8-6*01,TRAJ42*01,HomoSapiens,GILGFVFTL,InfluenzaA,1,TRB,CASSMRSSYEQYF,TRBV19*02,TRBJ2-7*01
693,25432,TRA,CAVSGSYNTDKLIF,TRAV8-4*01,TRAJ34*01,HomoSapiens,NLVPMVATV,CMV,1,TRB,CSARDGLAGHYEQYF,TRBV20-1*01,TRBJ2-7*01
694,25553,TRA,CAVSPVSNFGNEKLTF,TRAV8-6*02,TRAJ48*01,HomoSapiens,GILGFVFTL,InfluenzaA,1,TRB,CASSPLSLGSPYNEQFF,TRBV5-6*01,TRBJ2-1*01
695,25654,TRA,CAVSVRMDSSYKLIF,TRAV8-6*02,TRAJ12*01,HomoSapiens,GILGFVFTL,InfluenzaA,1,TRB,CASSQDPGYEQYF,TRBV4-1*01,TRBJ2-7*01
696,25690,TRA,CAVTPPPSYDKVIF,TRAV22*01,TRAJ50*01,HomoSapiens,NLVPMVATV,CMV,1,TRB,CASSSVSGYTF,TRBV12-4*01,TRBJ1-2*01
697,25691,TRA,CAVTPSNTGKLIF,TRAV12-2*01,TRAJ37*01,HomoSapiens,GILGFVFTL,InfluenzaA,1,TRB,CASSIRSAYEQYF,TRBV19*02,TRBJ2-7*01
698,25713,TRA,CAYEVRDDKIIF,TRAV38-2/DV8*01,TRAJ30*01,HomoSapiens,GILGFVFTL,InfluenzaA,1,TRB,CASSYSGHVNTEAFF,TRBV6-5*01,TRBJ1-1*01
699,25719,TRA,CAYSTNAGGTSYGKLTF,TRAV38-2/DV8*01,TRAJ52*01,HomoSapiens,GILGFVFTL,InfluenzaA,1,TRB,CASSLGIYGYTF,TRBV19*02,TRBJ1-2*01
700,25730,TRA,CIAHGGGGADGLTF,TRAV26-2*01,TRAJ45*01,HomoSapiens,GILGFVFTL,InfluenzaA,1,TRB,CATSDGLAGGWANVLTF,TRBV24-1*01,TRBJ2-6*01
701,25771,TRA,CILSNNNDMRF,TRAV26-2*01,TRAJ43*01,HomoSapiens,NLVPMVATV,CMV,1,TRB,CASSPSTGVTFYGYTF,TRBV6-5*01,TRBJ1-2*01
702,25772,TRA,CILSNNNDMRF,TRAV26-2*01,TRAJ43*01,HomoSapiens,NLVPMVATV,CMV,1,TRB,CAWSISDLAKNIQYF,TRBV30*01,TRBJ2-4*01
703,25773,TRA,CILSNNNDMRF,TRAV26-2*01,TRAJ43*01,HomoSapiens,NLVPMVATV,CMV,1,TRB,CAWSVSDVANTEAFF,TRBV30*01,TRBJ1-1*01
704,25787,TRA,CLVGSMDSNYQLIW,TRAV4*01,TRAJ33*01,HomoSapiens,GILGFVFTL,InfluenzaA,1,TRB,CASSSQSNQPQHF,TRBV25-1*01,TRBJ1-5*01
705,25793,TRA,CSAGGSQGNLIF,TRAV27*01,TRAJ42*01,HomoSapiens,GILGFVFTL,InfluenzaA,1,TRB,CASSIRSSYEQYF,TRBV19*01,TRBJ2-7*01
706,25794,TRA,CSAGSNYQLIW,TRAV10*01,TRAJ33*01,HomoSapiens,GILGFVFTL,InfluenzaA,1,TRB,CASTPQGAYEQYF,TRBV6-5*01,TRBJ2-7*01
707,25888,TRA,CVVRDNNDMRF,TRAV12-1*01,TRAJ43*01,HomoSapiens,GILGFVFTL,InfluenzaA,1,TRB,CATSDFEVAGSSYNEQFF,TRBV24-1*01,TRBJ2-1*01
708,25934,TRA,CADYYGQNFVF,TRAV16*01,TRAJ26*01,HomoSapiens,NLVPMVATV,CMV,2,TRB,CASSFQGYTEAFF,TRBV3-1*01,TRBJ1-1*01
709,25935,TRA,CASNTGNQFYF,TRAV18*01,TRAJ49*01,HomoSapiens,NLVPMVATV,CMV,2,TRB,CASSPVTGTGHYGYTF,TRBV6-5*01,TRBJ1-2*01
710,25936,TRA,CAEKRPTDKLIF,TRAV13-2*01,TRAJ34*01,HomoSapiens,DATYQRTRALVR,InfluenzaA,1,TRB,CASSEVGVFEAFF,TRBV2*01,TRBJ1-1*01
711,25937,TRA,CAYRSSFDMRF,TRAV38-2/DV8*01,TRAJ43*01,HomoSapiens,DATYQRTRALVR,InfluenzaA,1,TRB,CASSLGVNTEAFF,TRBV14*01,TRBJ1-1*01
712,25956,TRA,CAGLKAAGNKLTF,TRAV35*01,TRAJ17*01,HomoSapiens,DATYQRTRALVR,InfluenzaA,1,TRB,CSFRDLSSYNEQFF,TRBV29-1*01,TRBJ2-1*01
713,25957,TRA,CLVGDGSGYSTLTF,TRAV4*01,TRAJ11*01,HomoSapiens,DATYQRTRALVR,InfluenzaA,1,TRB,CASSPALGDQETQYF,TRBV19*01,TRBJ2-5*01
714,25958,TRA,CLVGDLGNTGFQKLVF,TRAV4*01,TRAJ8*01,HomoSapiens,DATYQRTRALVR,InfluenzaA,1,TRB,CSVEEGLQTGELFF,TRBV29-1*01,TRBJ2-2*01
715,25959,TRA,CAALANQAGTALIF,TRAV20*01,TRAJ15*01,HomoSapiens,DATYQRTRALVR,InfluenzaA,1,TRB,CASSLEGDTEAFF,TRBV5-4*01,TRBJ1-1*01
716,25960,TRA,CAHRSAGGGTSYGKLTF,TRAV38-1*01,TRAJ52*01,HomoSapiens,DATYQRTRALVR,InfluenzaA,1,TRB,CASSEFQGDNEQFF,TRBV2*01,TRBJ2-1*01
717,25961,TRA,CAVDNARLMF,TRAV3*01,TRAJ31*01,HomoSapiens,DATYQRTRALVR,InfluenzaA,1,TRB,CASSDGSFNEQFF,TRBV25-1*01,TRBJ2-1*01
718,25962,TRA,CAERIRKGQVLTGGGNKLTF,TRAV13-2*01,TRAJ10*01,HomoSapiens,DATYQRTRALVR,InfluenzaA,1,TRB,CASSVGDLLTGELFF,TRBV9*01,TRBJ2-2*01
719,25963,TRA,CVVTSAGSQGNLIF,TRAV12-1*01,TRAJ42*01,HomoSapiens,DATYQRTRALVR,InfluenzaA,1,TRB,CATSDLEGWTQYF,TRBV24-1*01,TRBJ2-5*01
720,25964,TRA,CILTHSNSGYALNF,TRAV26-2*01,TRAJ41*01,HomoSapiens,DATYQRTRALVR,InfluenzaA,1,TRB,CASSEVADYNEQFF,TRBV9*01,TRBJ2-1*01
721,25965,TRA,CAVGPGSNNDMRF,TRAV8-3*01,TRAJ43*01,HomoSapiens,DATYQRTRALVR,InfluenzaA,1,TRB,CSATRLAGGPTDTQYF,TRBV20-1*01,TRBJ2-3*01
722,25966,TRA,CLVGDGAGYSTLTF,TRAV4*01,TRAJ11*01,HomoSapiens,DATYQRTRALVR,InfluenzaA,1,TRB,CASSVALGNQETQYF,TRBV19*01,TRBJ2-5*01
723,25967,TRA,CAVKVSNQFYF,TRAV12-2*01,TRAJ49*01,HomoSapiens,DATYQRTRALVR,InfluenzaA,1,TRB,CSAEQGNTEAFF,TRBV20-1*01,TRBJ1-1*01
724,25968,TRA,CAYRSAGGGTSYGKLTF,TRAV38-2/DV8*01,TRAJ52*01,HomoSapiens,DATYQRTRALVR,InfluenzaA,1,TRB,CASSPGTGGNEQYF,TRBV2*01,TRBJ2-7*01
725,25969,TRA,CATDAARQLTF,TRAV17*01,TRAJ22*01,HomoSapiens,DATYQRTRALVR,InfluenzaA,1,TRB,CASSLDLPGPEGETQYF,TRBV11-2*01,TRBJ2-5*01
726,25971,TRA,CAVKYGNKLVF,TRAV12-2*01,TRAJ47*01,HomoSapiens,DATYQRTRALVR,InfluenzaA,1,TRB,CSAEDGNSPLHF,TRBV20-1*01,TRBJ1-6*01
727,25972,TRA,CVVNANSGNTPLVF,TRAV12-1*01,TRAJ29*01,HomoSapiens,DATYQRTRALVR,InfluenzaA,1,TRB,CAWSPAGLAMYEQYF,TRBV30*01,TRBJ2-7*01
728,25978,TRA,CLVGDLINSGGYNKLIF,TRAV4*01,TRAJ4*01,HomoSapiens,DATYQRTRALVR,InfluenzaA,1,TRB,CASSSPSGVYNEQFF,TRBV6-6*01,TRBJ2-1*01
729,26019,TRA,CALSNTGGFKTIF,TRAV19*01,TRAJ9*01,HomoSapiens,DATYQRTRALVR,InfluenzaA,1,TRB,CASSVDLKAGEEGEQFF,TRBV9*01,TRBJ2-1*01
730,26057,TRA,CILGSNDYKLSF,TRAV26-2*01,TRAJ20*01,HomoSapiens,GLCTLVAML,EBV,1,TRB,CSPGTDLYEQYF,TRBV29-1*01,TRBJ2-7*01
731,26070,TRA,CATDAGNDMRF,TRAV17*01,TRAJ43*01,HomoSapiens,GLCTLVAML,EBV,1,TRB,CASSYWVGRRDTQYF,TRBV6-5*01,TRBJ2-3*01
732,26073,TRA,CAESTGKLIF,TRAV5*01,TRAJ37*01,HomoSapiens,GLCTLVAML,EBV,1,TRB,CSGTGGTNEKLFF,TRBV29-1*01,TRBJ1-4*01
733,27022,TRA,CAVFTFNAGGTSYGKLTF,TRAV12-2*01,TRAJ52*01,HomoSapiens,ELAGIGILTV,HomoSapiens,2,TRB,CASSPGALNTEAFF,TRBV19*01,TRBJ1-1*01
734,27023,TRA,CAVGGGADGLTF,TRAV12-2*01,TRAJ45*01,HomoSapiens,ELAGIGILTV,HomoSapiens,2,TRB,CASSPAALSGAYEQYF,TRBV27*01,TRBJ2-7*01
735,27024,TRA,CAVGTAWRSGGGADGLTF,TRAV12-2*01,TRAJ45*01,HomoSapiens,ELAGIGILTV,HomoSapiens,2,TRB,CASSRRSSGELFF,TRBV19*01,TRBJ2-2*01
736,27025,TRA,CAVPIKAAGNKLTF,TRAV12-2*01,TRAJ17*01,HomoSapiens,ELAGIGILTV,HomoSapiens,2,TRB,CASSFQGLGQPQHF,TRBV28*01,TRBJ1-5*01
737,27026,TRA,CAVSVNMEYGNKLVF,TRAV12-2*01,TRAJ47*01,HomoSapiens,ELAGIGILTV,HomoSapiens,2,TRB,CASSRDSALWISTDTQYF,TRBV6-1*01,TRBJ2-3*01
738,27027,TRA,CAFSNTGNQFYF,TRAV12-2*01,TRAJ49*01,HomoSapiens,ELAGIGILTV,HomoSapiens,2,TRB,CASSRRSSGELFF,TRBV19*01,TRBJ2-2*01
739,27036,TRA,CAVNRNEKLTF,TRAV12-2*01,TRAJ48*01,HomoSapiens,ELAGIGILTV,HomoSapiens,2,TRB,CASSPPGLSGNIQYF,TRBV2*01,TRBJ2-4*01
740,27037,TRA,CAVGTAWRSGGGADGLTF,TRAV12-2*01,TRAJ45*01,HomoSapiens,ELAGIGILTV,HomoSapiens,2,TRB,CASSPGTLADTQYF,TRBV18*01,TRBJ2-3*01
741,27038,TRA,CAVKGQTGANNLFF,TRAV12-2*01,TRAJ36*01,HomoSapiens,ELAGIGILTV,HomoSapiens,2,TRB,CASSAGYGQPQHF,TRBV6-1*01,TRBJ2-5*01
742,27039,TRA,CAVNRNEKLTF,TRAV12-2*01,TRAJ48*01,HomoSapiens,ELAGIGILTV,HomoSapiens,2,TRB,CASSQEIGSEQPQHF,TRBV4-1*01,TRBJ2-5*01
743,27040,TRA,CAVNSGNQFYF,TRAV12-2*01,TRAJ49*01,HomoSapiens,ELAGIGILTV,HomoSapiens,2,TRB,CASRPTGMGQPQHF,TRBV27*01,TRBJ2-5*01
744,27041,TRA,CAVNGNNNDMRF,TRAV12-2*01,TRAJ43*01,HomoSapiens,ELAGIGILTV,HomoSapiens,2,TRB,CASAWGGMTNEQYF,TRBV19*01,TRBJ2-7*01
745,27046,TRA,CAVSAAGNKLTF,TRAV12-2*01,TRAJ17*01,HomoSapiens,ELAGIGILTV,HomoSapiens,2,TRB,CASRSLGQGAEKLFF,TRBV27*01,TRBJ1-4*01
746,27079,TRA,CVVNIYDFGNEKLTF,TRAV12-1*01,TRAJ48*01,HomoSapiens,NLVPMVATV,CMV,1,TRB,CSARVMVGGTEAFF,TRBV20-1*01,TRBJ1-1*01
747,27080,TRA,CAARANNARLMF,TRAV29/DV5*01,TRAJ31*01,HomoSapiens,NLVPMVATV,CMV,1,TRB,CASSLEYSPRPYEQYF,TRBV7-9*01,TRBJ2-7*01
748,27081,TRA,CATNTGNQFYF,TRAV24*01,TRAJ49*01,HomoSapiens,NLVPMVATV,CMV,1,TRB,CASSPQTGTIYGYTF,TRBV6-5*01,TRBJ1-2*01
749,27084,TRA,CAGGGSSNTGKLIF,TRAV8-3*01,TRAJ37*01,HomoSapiens,NLVPMVATV,CMV,1,TRB,CASSLLAVGTGGNTEAFF,TRBV7-2*01,TRBJ1-1*01
750,27085,TRA,CALNQAGTALIF,TRAV8-3*01,TRAJ15*01,HomoSapiens,NLVPMVATV,CMV,1,TRB,CASSLTTLAGVPYEQFF,TRBV7-3*01,TRBJ2-1*01
751,27086,TRA,CAGGGSSNTGKLIF,TRAV8-3*01,TRAJ37*01,HomoSapiens,NLVPMVATV,CMV,1,TRB,CASSLLLAGYNEQFF,TRBV11-2*01,TRBJ2-1*01
752,27087,TRA,CAGPIPPGNEKLTF,TRAV35*01,TRAJ48*01,HomoSapiens,NLVPMVATV,CMV,1,TRB,CASSSANYGYTF,TRBV12-3*01,TRBJ1-2*01
753,27089,TRA,CATDATSDKLIF,TRAV17*01,TRAJ34*01,HomoSapiens,NLVPMVATV,CMV,1,TRB,CASSRRDATRFAETQYF,TRBV11-3*01,TRBJ2-5*01
754,27091,TRA,CAVRGTNARLMF,TRAV3*01,TRAJ31*01,HomoSapiens,NLVPMVATV,CMV,1,TRB,CASSVVTEAFF,TRBV12-3*01,TRBJ1-1*01
755,27451,TRA,CARNTGNQFYF,TRAV24*01,TRAJ49*01,HomoSapiens,NLVPMVATV,CMV,1,TRB,CASSLVTGTGWGYTF,TRBV6-5*01,TRBJ1-2*01
756,27452,TRA,CILGWGKLQF,TRAV26-2*01,TRAJ24*01,HomoSapiens,NLVPMVATV,CMV,1,TRB,CASSLDRVTGELFF,TRBV27*01,TRBJ2-2*01
757,27454,TRA,CASNTGNQFYF,TRAV24*01,TRAJ49*01,HomoSapiens,NLVPMVATV,CMV,1,TRB,CASSPITGTGIYGYTF,TRBV6-5*01,TRBJ1-2*01
758,29443,TRA,CVVNNAGNMLTF,TRAV12-1*01,TRAJ39*01,HomoSapiens,YLQPRTFLL,SARS-CoV-2,2,TRB,CATQNLNTGELFF,TRBV15*01,TRBJ2-2*01
759,29445,TRA,CAFTNYNQGGKLIF,TRAV24*01,TRAJ23*01,HomoSapiens,QYIKWPWYI,SARS-CoV-2,2,TRB,CASSPAGGAVLQAFF,TRBV5-6*01,TRBJ1-1*01
760,29452,TRA,CAAGRDDKIIF,TRAV12-2*01,TRAJ30*01,HomoSapiens,SPRWYFYYL,SARS-CoV-2,2,TRB,CASSSMTSGIRYEQYF,TRBV6-2*01,TRBJ2-7*01
761,29454,TRA,CAVIGGSSNTGKLIF,TRAV21*01,TRAJ37*01,HomoSapiens,SPRWYFYYL,SARS-CoV-2,2,TRB,CASSLAGAQQAFF,TRBV5-1*01,TRBJ1-1*01
762,29455,TRA,CAVSPTGTASKLTF,TRAV3*01,TRAJ44*01,HomoSapiens,SPRWYFYYL,SARS-CoV-2,2,TRB,CASSLIAGGPEAKNIQYF,TRBV27*01,TRBJ2-4*01
763,29456,TRA,CAMSANKGGYNKLIF,TRAV12-3*01,TRAJ4*01,HomoSapiens,SPRWYFYYL,SARS-CoV-2,2,TRB,CATSDLVEDTQYF,TRBV24-1*01,TRBJ2-3*01
764,29457,TRA,CAVVTPPARLMF,TRAV39*01,TRAJ31*01,HomoSapiens,SPRWYFYYL,SARS-CoV-2,2,TRB,CASSPLTGQGLGGAYEQYF,TRBV28*01,TRBJ2-7*01
765,29458,TRA,CAATSGTYKYIF,TRAV36/DV7*01,TRAJ40*01,HomoSapiens,SPRWYFYYL,SARS-CoV-2,2,TRB,CASSYLPTGGTDTQYF,TRBV2*01,TRBJ2-3*01
766,29459,TRA,CALKDSWGKFQF,TRAV19*01,TRAJ24*01,HomoSapiens,SPRWYFYYL,SARS-CoV-2,2,TRB,CASSLNPNTEAFF,TRBV7-2*01,TRBJ1-1*01
767,29460,TRA,CAISNFNAGNMLTF,TRAV14/DV4*01,TRAJ39*01,HomoSapiens,SPRWYFYYL,SARS-CoV-2,2,TRB,CASSLSGSYEQYF,TRBV5-1*01,TRBJ2-7*01
768,29462,TRA,CALSAPYSGGGADGLTF,TRAV9-2*01,TRAJ45*01,HomoSapiens,YLQPRTFLL,SARS-CoV-2,1,TRB,CASSDLNTGELFF,TRBV2*01,TRBJ2-2*01
769,29470,TRA,CVVNIPQAGTALIF,TRAV12-1*01,TRAJ15*01,HomoSapiens,YLQPRTFLL,SARS-CoV-2,1,TRB,CSARGLAEANTGELFF,TRBV20-1*01,TRBJ2-2*01
770,29479,TRA,CAEILDFGNEKLTF,TRAV5*01,TRAJ48*01,HomoSapiens,YLQPRTFLL,SARS-CoV-2,1,TRB,CSARDPSGVKLFF,TRBV20-1*01,TRBJ1-4*01
771,29480,TRA,CAVRDKNTDKLIF,TRAV3*01,TRAJ34*01,HomoSapiens,YLQPRTFLL,SARS-CoV-2,1,TRB,CASSYPTGEGQETQYF,TRBV6-5*01,TRBJ2-5*01
772,29492,TRA,CVVNVVDDMRF,TRAV12-1*01,TRAJ43*01,HomoSapiens,YLQPRTFLL,SARS-CoV-2,1,TRB,CASSAGVSGEQYF,TRBV7-8*01,TRBJ2-7*01
773,29493,TRA,CALMSARLMF,TRAV38-2/DV8*01,TRAJ31*01,HomoSapiens,YLQPRTFLL,SARS-CoV-2,1,TRB,CASSFARAQADTQYF,TRBV12-3*01,TRBJ2-3*01
774,29494,TRA,CAVIPDFGNEKLTF,TRAV41*01,TRAJ48*01,HomoSapiens,YLQPRTFLL,SARS-CoV-2,1,TRB,CASRDGRESYEQYF,TRBV18*01,TRBJ2-7*01
775,29496,TRA,CVVNKGNDMRF,TRAV12-1*01,TRAJ43*01,HomoSapiens,YLQPRTFLL,SARS-CoV-2,1,TRB,CASQDTNTGELFF,TRBV2*01,TRBJ2-2*01
776,29497,TRA,CAMREAPFAYSGAGSYQLTF,TRAV14/DV4*01,TRAJ28*01,HomoSapiens,YLQPRTFLL,SARS-CoV-2,1,TRB,CASSDRGRSYEQYF,TRBV27*01,TRBJ2-7*01
777,29498,TRA,CALVGNQFYF,TRAV6*01,TRAJ49*01,HomoSapiens,YLQPRTFLL,SARS-CoV-2,1,TRB,CASNNANTGELFF,TRBV7-9*01,TRBJ2-2*01
778,29500,TRA,CVVNSFDDMRF,TRAV12-1*01,TRAJ43*01,HomoSapiens,YLQPRTFLL,SARS-CoV-2,1,TRB,CASSLDIEQYF,TRBV7-9*01,TRBJ2-3*01
779,29501,TRA,CAMRGAGNEKLTF,TRAV14/DV4*01,TRAJ48*01,HomoSapiens,YLQPRTFLL,SARS-CoV-2,1,TRB,CASSVEPGWDEQYF,TRBV9*01,TRBJ2-7*01
780,29524,TRA,CATDAGPEKLVF,TRAV17*01,TRAJ57*01,HomoSapiens,SPRWYFYYL,SARS-CoV-2,1,TRB,CASRQLAGFYEQYF,TRBV6-6*01,TRBJ2-7*01
781,29528,TRA,CAVRDYNNARLMF,TRAV3*01,TRAJ31*01,HomoSapiens,SPRWYFYYL,SARS-CoV-2,1,TRB,CASSVSGGAYNEQFF,TRBV9*01,TRBJ2-1*01
782,29536,TRA,CAMREGRSARLMF,TRAV14/DV4*01,TRAJ31*01,HomoSapiens,SPRWYFYYL,SARS-CoV-2,1,TRB,CSARGGFRSGGGTDEQFF,TRBV20-1*01,TRBJ2-1*01
783,29547,TRA,CAALPSADYKLSF,TRAV13-1*01,TRAJ20*01,HomoSapiens,SPRWYFYYL,SARS-CoV-2,1,TRB,CSVDALLGAYTQYF,TRBV29-1*01,TRBJ2-3*01
784,29548,TRA,CAVQGQNSGGYQKVTF,TRAV20*01,TRAJ13*01,HomoSapiens,SPRWYFYYL,SARS-CoV-2,1,TRB,CSATDRAASYNSPLHF,TRBV20-1*01,TRBJ1-6*01
785,29549,TRA,CALSVGNQGGKLIF,TRAV9-2*01,TRAJ23*01,HomoSapiens,SPRWYFYYL,SARS-CoV-2,1,TRB,CASSTLGTADKLNYGYTF,TRBV19*01,TRBJ1-2*01
786,29550,TRA,CVGRDTGRRALTF,TRAV10*01,TRAJ5*01,HomoSapiens,SPRWYFYYL,SARS-CoV-2,1,TRB,CASSSLTGQSQETQYF,TRBV28*01,TRBJ2-5*01
787,29565,TRA,CACLTGTASKLTF,TRAV13-1*01,TRAJ44*01,HomoSapiens,SPRWYFYYL,SARS-CoV-2,1,TRB,CSVVPLMGGYEQYF,TRBV29-1*01,TRBJ2-7*01
788,29566,TRA,CAITGGFKTIF,TRAV14/DV4*01,TRAJ9*01,HomoSapiens,SPRWYFYYL,SARS-CoV-2,1,TRB,CASSSKPGGDYNEQFF,TRBV9*01,TRBJ2-1*01
789,29567,TRA,CVVNGRDARLMF,TRAV10*01,TRAJ31*01,HomoSapiens,SPRWYFYYL,SARS-CoV-2,1,TRB,CASNPLAGEFTAKNIQYF,TRBV27*01,TRBJ2-4*01
790,29602,TRA,CAALAGTASKLTF,TRAV13-1*01,TRAJ44*01,HomoSapiens,SPRWYFYYL,SARS-CoV-2,1,TRB,CSVVPLAGPYEQYF,TRBV29-1*01,TRBJ2-7*01
791,29605,TRA,CADPNTGNQFYF,TRAV13-2*01,TRAJ49*01,HomoSapiens,SPRWYFYYL,SARS-CoV-2,1,TRB,CASSPTDNF,TRBV9*01,TRBJ2-3*01
792,29613,TRA,CAVSEVGNKLTF,TRAV8-6*01,TRAJ17*01,HomoSapiens,QYIKWPWYI,SARS-CoV-2,1,TRB,CASSQSGGGEQFF,TRBV5-6*01,TRBJ2-1*01
793,29614,TRA,CVPNTGGFKTIF,TRAV12-1*01,TRAJ9*01,HomoSapiens,QYIKWPWYI,SARS-CoV-2,1,TRB,CASCPSWGSGANVLTF,TRBV3-1*01,TRBJ2-6*01
794,29615,TRA,CATEARMDSSYKLIF,TRAV17*01,TRAJ12*01,HomoSapiens,QYIKWPWYI,SARS-CoV-2,1,TRB,CASSLVGEGRGREQYF,TRBV7-9*01,TRBJ2-7*01
795,29616,TRA,CVVIEGNKLVF,TRAV12-1*01,TRAJ47*01,HomoSapiens,QYIKWPWYI,SARS-CoV-2,1,TRB,CSARDQDRAYEQYF,TRBV20-1*01,TRBJ2-7*01
796,29617,TRA,CALRARGSTLGRLYF,TRAV16*01,TRAJ18*01,HomoSapiens,QYIKWPWYI,SARS-CoV-2,1,TRB,CASSLSTTTASYEQYF,TRBV27*01,TRBJ2-7*01
797,29618,TRA,CAVDTGTASKLTF,TRAV41*01,TRAJ44*01,HomoSapiens,QYIKWPWYI,SARS-CoV-2,1,TRB,CASTPWGAEAFF,TRBV28*01,TRBJ1-1*01
798,29619,TRA,CALSYSSASKIIF,TRAV19*01,TRAJ3*01,HomoSapiens,QYIKWPWYI,SARS-CoV-2,1,TRB,CSVDPGQFYNEQFF,TRBV29-1*01,TRBJ2-1*01
799,29620,TRA,CAARSGNTPLVF,TRAV29/DV5*01,TRAJ29*01,HomoSapiens,QYIKWPWYI,SARS-CoV-2,1,TRB,CASSLGETIYGYTF,TRBV7-9*01,TRBJ1-2*01
800,29621,TRA,CAVRHTNAGKSTF,TRAV21*01,TRAJ27*01,HomoSapiens,QYIKWPWYI,SARS-CoV-2,1,TRB,CAGKSTGELFF,TRBV2*01,TRBJ2-2*01
801,29622,TRA,CAFLNAGGTSYGKLTF,TRAV38-1*01,TRAJ52*01,HomoSapiens,QYIKWPWYI,SARS-CoV-2,1,TRB,CASSWNGLAGDEQFF,TRBV6-2*01,TRBJ2-1*01
802,29623,TRA,CAVYNQGGKLIF,TRAV8-1*01,TRAJ23*01,HomoSapiens,QYIKWPWYI,SARS-CoV-2,1,TRB,CASSALVAFSTDTQYF,TRBV6-4*01,TRBJ2-3*01
803,29624,TRA,CAVRALYNFNKFYF,TRAV3*01,TRAJ21*01,HomoSapiens,QYIKWPWYI,SARS-CoV-2,1,TRB,CASSSLAGEVNEQFF,TRBV7-2*01,TRBJ2-1*01
804,29625,TRA,CAVESYNTDKLIF,TRAV41*01,TRAJ34*01,HomoSapiens,QYIKWPWYI,SARS-CoV-2,1,TRB,CASSSYTQRGLDYTGELFF,TRBV27*01,TRBJ2-2*01
805,29626,TRA,CAMREGQGNAGNMLTF,TRAV14/DV4*01,TRAJ39*01,HomoSapiens,QYIKWPWYI,SARS-CoV-2,1,TRB,CASSQDYWGGGADTQYF,TRBV4-1*01,TRBJ2-3*01
