,complex.id,gene,cdr3_b_aa,v_b_gene,j_b_gene,species,epitope,antigen.species,vdjdb.score
0,157,TRB,CASSFGREQYF,TRBV29*01,TRBJ2-7*01,MusMusculus,SSLENFRAYV,InfluenzaA,3
1,279,TRB,CASSAGLDAEQYF,TRBV17*01,TRBJ2-5*01,MusMusculus,ASNENMETM,InfluenzaA,3
2,280,TRB,CASSRDLGRDTQYF,TRBV17*01,TRBJ2-5*01,MusMusculus,ASNENMETM,InfluenzaA,3
3,288,TRB,CASSDWGDTGQLYF,TRBV13-3*01,TRBJ2-2*01,MusMusculus,SQLLNAKYL,PlasmodiumBerghei,3
4,344,TRB,CASSRGTIHSNTEVFF,TRBV17*01,TRBJ1-1*01,MusMusculus,ASNENMETM,InfluenzaA,3
5,0,TRB,CTCSAGTGGYNYAEQFF,TRBV1*01,TRBJ2-1*01,MusMusculus,SSPPMFRV,MCMV,1
6,0,TRB,CASSRGTGGNQDTQYF,TRBV12-1*01,TRBJ2-5*01,MusMusculus,SSPPMFRV,MCMV,1
7,0,TRB,CASGDAGGDQDTQYF,TRBV13-2*01,TRBJ2-5*01,MusMusculus,SSPPMFRV,MCMV,1
8,0,TRB,CTCSSGTGGYNYAEQFF,TRBV1*01,TRBJ2-1*01,MusMusculus,SSPPMFRV,MCMV,1
9,0,TRB,CASSRPSAEQFF,TRBV17*01,TRBJ2-1*01,MusMusculus,SSPPMFRV,MCMV,1
10,0,TRB,CASSQDRGNTLYF,TRBV2*01,TRBJ2-4*01,MusMusculus,SSPPMFRV,MCMV,1
11,0,TRB,CASSQEGTYSYEQYF,TRBV2*01,TRBJ2-7*01,MusMusculus,SSPPMFRV,MCMV,1
12,0,TRB,CTCSSGTGGFNYAEQFF,TRBV1*01,TRBJ2-1*01,MusMusculus,SSPPMFRV,MCMV,1
13,0,TRB,CTCSDGTGGYNYAEQFF,TRBV1*01,TRBJ2-1*01,MusMusculus,SSPPMFRV,MCMV,1
14,0,TRB,CGAIRDWGYEQYF,TRBV20*01,TRBJ2-7*01,MusMusculus,SSPPMFRV,MCMV,1
15,0,TRB,CASSGGTGGYNYAEQFF,TRBV12-2*01,TRBJ2-1*01,MusMusculus,SSPPMFRV,MCMV,1
16,0,TRB,CASSPGTGGYNYAEQFF,TRBV26*01,TRBJ2-1*01,MusMusculus,SSPPMFRV,MCMV,1
17,0,TRB,CGARGDWGYAEQFF,TRBV20*01,TRBJ2-1*01,MusMusculus,SSPPMFRV,MCMV,1
18,0,TRB,CTCSTGTGGYNYAEQFF,TRBV1*01,TRBJ2-1*01,MusMusculus,SSPPMFRV,MCMV,1
19,0,TRB,CASSQDEGWGYEQYF,TRBV5*01,TRBJ2-7*01,MusMusculus,SSPPMFRV,MCMV,1
20,0,TRB,CASSAGTGGYNYAEQFF,TRBV12-2*01,TRBJ2-1*01,MusMusculus,SSPPMFRV,MCMV,1
21,0,TRB,CASSYGTGGYNYAEQFF,TRBV4*01,TRBJ2-1*01,MusMusculus,SSPPMFRV,MCMV,1
22,0,TRB,CASSDNWGYEQYF,TRBV13-1*01,TRBJ2-7*01,MusMusculus,SSPPMFRV,MCMV,1
23,0,TRB,CASGDAGGGEQYF,TRBV13-2*01,TRBJ2-7*01,MusMusculus,SSPPMFRV,MCMV,1
24,0,TRB,CTCSGGTGGFNYAEQFF,TRBV1*01,TRBJ2-1*01,MusMusculus,SSPPMFRV,MCMV,1
25,0,TRB,CASSPGTGGYNYAEQFF,TRBV4*01,TRBJ2-1*01,MusMusculus,SSPPMFRV,MCMV,1
26,0,TRB,CASSSGTGDTQYF,TRBV16*01,TRBJ2-5*01,MusMusculus,RALEYKNL,MCMV,1
27,0,TRB,CASKTGDNYAEQFF,TRBV15*01,TRBJ2-1*01,MusMusculus,RALEYKNL,MCMV,1
28,0,TRB,CASSRDAGNYAEQFF,TRBV17*01,TRBJ2-1*01,MusMusculus,RALEYKNL,MCMV,1
29,0,TRB,CASSLGGGNSDYTF,TRBV16*01,TRBJ1-2*01,MusMusculus,RALEYKNL,MCMV,1
30,0,TRB,CASSLDSGPSYEQYF,TRBV16*01,TRBJ2-7*01,MusMusculus,RALEYKNL,MCMV,1
31,0,TRB,CASSLDSGDTEVFF,TRBV16*01,TRBJ1-1*01,MusMusculus,RALEYKNL,MCMV,1
32,0,TRB,CASRRQLSNERLFF,TRBV16*01,TRBJ1-4*01,MusMusculus,RALEYKNL,MCMV,1
33,0,TRB,CASSLGWLNSDYTF,TRBV16*01,TRBJ1-2*01,MusMusculus,RALEYKNL,MCMV,1
34,0,TRB,CTCSGTGDTEVFF,TRBV1*01,TRBJ1-1*01,MusMusculus,RALEYKNL,MCMV,1
35,0,TRB,CASRRTGGRDEQYF,TRBV16*01,TRBJ2-7*01,MusMusculus,RALEYKNL,MCMV,1
36,0,TRB,CASSLNRMNAEQFF,TRBV26*01,TRBJ2-1*01,MusMusculus,RALEYKNL,MCMV,1
37,0,TRB,CAWSLGGRGEQYF,TRBV31*01,TRBJ2-7*01,MusMusculus,RALEYKNL,MCMV,1
38,0,TRB,CASSRDWGDYEQYF,TRBV12-2*01,TRBJ2-7*01,MusMusculus,RALEYKNL,MCMV,1
39,0,TRB,CASSPGQGLFF,TRBV13-1*01,TRBJ1-4*01,MusMusculus,RALEYKNL,MCMV,1
40,0,TRB,CASGDVQGDTLYF,TRBV13-2*01,TRBJ2-4*01,MusMusculus,RALEYKNL,MCMV,1
41,0,TRB,CASSDTNTEVFF,TRBV14*01,TRBJ1-1*01,MusMusculus,RALEYKNL,MCMV,1
42,0,TRB,CASSLAGGRQDTQYF,TRBV15*01,TRBJ2-5*01,MusMusculus,RALEYKNL,MCMV,1
43,0,TRB,CASSLTPGGGDTQYF,TRBV12-1*01,TRBJ2-5*01,MusMusculus,RALEYKNL,MCMV,1
44,0,TRB,CASSNIAEQFF,TRBV12-1*01,TRBJ2-1*01,MusMusculus,RALEYKNL,MCMV,1
45,0,TRB,CASSLRGATEVFF,TRBV26*01,TRBJ1-1*01,MusMusculus,RALEYKNL,MCMV,1
46,0,TRB,CASSLDSGDSDYTF,TRBV16*01,TRBJ1-2*01,MusMusculus,RALEYKNL,MCMV,1
47,0,TRB,CASSLTGAYEQYF,TRBV16*01,TRBJ2-7*01,MusMusculus,RALEYKNL,MCMV,1
48,0,TRB,CASSLGTGDTQYF,TRBV16*01,TRBJ2-5*01,MusMusculus,RALEYKNL,MCMV,1
49,23364,TRB,CASSRWGVNQDTQYF,TRBV17*01,TRBJ2-5*01,MusMusculus,HGIRNASFI,MCMV,1
50,23365,TRB,CASSSGTGYSDYTF,TRBV4*01,TRBJ1-2*01,MusMusculus,SSPPMFRV,MCMV,1
51,23373,TRB,CASSPRVFNQAPLF,TRBV5*01,TRBJ1-5*01,MusMusculus,ASNENMETM,InfluenzaA,1
52,23392,TRB,CASSTGDYAEQFF,TRBV19*01,TRBJ2-1*01,MusMusculus,LSLRNPILV,InfluenzaA,1
53,23394,TRB,CASSLTDSYEQYF,TRBV29*01,TRBJ2-7*01,MusMusculus,SSYRRPVGI,InfluenzaA,1
54,23396,TRB,CASSFGGEVFF,TRBV29*01,TRBJ1-1*01,MusMusculus,SSLENFRAYV,InfluenzaA,1
55,23399,TRB,CASSIRKNTEVFF,TRBV19*01,TRBJ1-1*01,MusMusculus,TVYGFCLL,MCMV,1
56,23400,TRB,CASSGDLNSGNTLYF,TRBV13-3*01,TRBJ1-3*01,MusMusculus,LSLRNPILV,InfluenzaA,1
57,23407,TRB,CAWSPDWGVYEQYF,TRBV31*01,TRBJ2-7*01,MusMusculus,SSYRRPVGI,InfluenzaA,1
58,23411,TRB,CASSRFANTEVFF,TRBV17*01,TRBJ1-1*01,MusMusculus,HGIRNASFI,MCMV,1
59,23417,TRB,CASSTDSAETLYF,TRBV14*01,TRBJ2-3*01,MusMusculus,SSYRRPVGI,InfluenzaA,1
60,23418,TRB,CASSTDSAETQYF,TRBV14*01,TRBJ2-3*01,MusMusculus,SSYRRPVGI,InfluenzaA,1
61,23420,TRB,CTCSGGTGGYNYAEQFF,TRBV1*01,TRBJ2-1*01,MusMusculus,SSPPMFRV,MCMV,1
62,23423,TRB,CTCSGGTGGYNYAEQFF,TRBV1*01,TRBJ2-1*01,MusMusculus,SSYRRPVGI,InfluenzaA,1
63,23424,TRB,CASSLGTDEQYF,TRBV29*01,TRBJ2-7*01,MusMusculus,SSLENFRAYV,InfluenzaA,1
64,23426,TRB,CASSLTDTEVFF,TRBV29*01,TRBJ1-1*01,MusMusculus,SSYRRPVGI,InfluenzaA,1
65,23428,TRB,CASSDDRVTNQAPLF,TRBV13-1*02,TRBJ1-5*01,MusMusculus,LSLRNPILV,InfluenzaA,1
66,23438,TRB,CASSLTGDAEQFF,TRBV4*01,TRBJ2-1*01,MusMusculus,TVYGFCLL,MCMV,1
67,23439,TRB,CASSPGSSDYTF,TRBV13-1*02,TRBJ1-2*01,MusMusculus,TVYGFCLL,MCMV,1
68,23441,TRB,CASGDKYAEQFF,TRBV13-2*01,TRBJ2-1*01,MusMusculus,TVYGFCLL,MCMV,1
69,23448,TRB,CASSPLGSSAETLYF,TRBV17*01,TRBJ2-3*01,MusMusculus,HGIRNASFI,MCMV,1
70,23451,TRB,CASSRDWGYQDTQYF,TRBV17*01,TRBJ2-5*01,MusMusculus,HGIRNASFI,MCMV,1
71,23452,TRB,CASSHDRRNSYNSPLYF,TRBV2*01,TRBJ1-1*01,MusMusculus,ASNENMETM,InfluenzaA,1
72,23456,TRB,CASSQDRRNSYNSPLYF,TRBV2*01,TRBJ1-1*01,MusMusculus,ASNENMETM,InfluenzaA,1
73,23459,TRB,CASRPDISYNSPLYF,TRBV19*01,TRBJ1-1*01,MusMusculus,LSLRNPILV,InfluenzaA,1
74,23462,TRB,CASSGLGTSAETLYF,TRBV17*01,TRBJ2-3*01,MusMusculus,HGIRNASFI,MCMV,1
75,23467,TRB,CASSLPEGPTGQLYF,TRBV29*01,TRBJ2-2*01,MusMusculus,LSLRNPILV,InfluenzaA,1
76,23469,TRB,CASSPSQNTLYF,TRBV19*01,TRBJ2-4*01,MusMusculus,TVYGFCLL,MCMV,1
77,23471,TRB,CASSQERGSAETLYF,TRBV2*01,TRBJ2-3*01,MusMusculus,ASNENMETM,InfluenzaA,1
78,23472,TRB,CASSEENTEVFF,TRBV13-1*02,TRBJ1-1*01,MusMusculus,SSPPMFRV,MCMV,1
79,23485,TRB,CTCSTGTGGFNYAEQFF,TRBV1*01,TRBJ2-1*01,MusMusculus,SSPPMFRV,MCMV,1
80,23486,TRB,CTCSTGTGGFNYGEQFF,TRBV1*01,TRBJ2-1*01,MusMusculus,SSPPMFRV,MCMV,1
81,23488,TRB,CASSDHRNTEVFF,TRBV13-1*02,TRBJ1-1*01,MusMusculus,ASNENMETM,InfluenzaA,1
82,23492,TRB,CASSDATKTEVFF,TRBV13-1*02,TRBJ1-1*01,MusMusculus,ASNENMETM,InfluenzaA,1
83,23493,TRB,CASSDHRTTEVFF,TRBV13-1*02,TRBJ1-1*01,MusMusculus,ASNENMETM,InfluenzaA,1
84,23495,TRB,CASSIDTGGFYEQYF,TRBV19*01,TRBJ2-7*01,MusMusculus,LSLRNPILV,InfluenzaA,1
85,23497,TRB,CAIGSNQDTQYF,TRBV14*01,TRBJ2-5*01,MusMusculus,LSLRNPILV,InfluenzaA,1
86,23499,TRB,CASSDSKNTEVFF,TRBV13-1*02,TRBJ1-1*01,MusMusculus,ASNENMETM,InfluenzaA,1
87,23500,TRB,CASSSDSAETLYF,TRBV4*01,TRBJ2-3*01,MusMusculus,SSYRRPVGI,InfluenzaA,1
88,23502,TRB,CASSPGQNNSPLYF,TRBV19*01,TRBJ1-1*01,MusMusculus,LSLRNPILV,InfluenzaA,1
89,23503,TRB,CASRDSANTEVFF,TRBV13-1*02,TRBJ1-1*01,MusMusculus,ASNENMETM,InfluenzaA,1
90,23509,TRB,CASSPGANSDYTF,TRBV19*01,TRBJ1-2*01,MusMusculus,LSLRNPILV,InfluenzaA,1
91,23511,TRB,CASSQDGSQNTLYF,TRBV5*01,TRBJ2-4*01,MusMusculus,SSPPMFRV,MCMV,1
92,23526,TRB,CASSAGYNYAEQFF,TRBV29*01,TRBJ2-1*01,MusMusculus,LSLRNPILV,InfluenzaA,1
93,23527,TRB,CASSLDQGEGNTLYF,TRBV12-2*01,TRBJ1-3*01,MusMusculus,SSYRRPVGI,InfluenzaA,1
94,23530,TRB,CASGDALETLYF,TRBV13-2*01,TRBJ2-3*01,MusMusculus,SSYRRPVGI,InfluenzaA,1
95,23532,TRB,CASSASGRAEQFF,TRBV4*01,TRBJ2-1*01,MusMusculus,TVYGFCLL,MCMV,1
96,23533,TRB,CASSLTGKDTQYF,TRBV4*01,TRBJ2-5*01,MusMusculus,TVYGFCLL,MCMV,1
97,23535,TRB,CASSGLGGSAETLYF,TRBV17*01,TRBJ2-3*01,MusMusculus,HGIRNASFI,MCMV,1
98,23536,TRB,CASSWDRGREQYF,TRBV19*01,TRBJ2-7*01,MusMusculus,TVYGFCLL,MCMV,1
99,23538,TRB,CTCSADRVNTEVFF,TRBV1*01,TRBJ1-1*01,MusMusculus,SSPPMFRV,MCMV,1
100,23539,TRB,CASSGTGVGNTLYF,TRBV13-3*01,TRBJ1-3*01,MusMusculus,TVYGFCLL,MCMV,1
101,23540,TRB,CAWGGTSSAETLYF,TRBV31*01,TRBJ2-3*01,MusMusculus,SSYRRPVGI,InfluenzaA,1
102,23544,TRB,CASSFDRGDTQYF,TRBV15*01,TRBJ2-5*01,MusMusculus,TVYGFCLL,MCMV,1
103,23545,TRB,CASRTGATGQLYF,TRBV19*01,TRBJ2-2*01,MusMusculus,LSLRNPILV,InfluenzaA,1
104,23547,TRB,CASSPGTTYEQYF,TRBV19*01,TRBJ2-7*01,MusMusculus,LSLRNPILV,InfluenzaA,1
105,23555,TRB,CASRDFSQNTLYF,TRBV19*01,TRBJ2-4*01,MusMusculus,ASNENMETM,InfluenzaA,1
106,23559,TRB,CASSPLGTSAETLYF,TRBV17*01,TRBJ2-3*01,MusMusculus,HGIRNASFI,MCMV,1
107,23564,TRB,CASSINRGNTLYF,TRBV19*01,TRBJ2-4*01,MusMusculus,TVYGFCLL,MCMV,1
108,23566,TRB,CASSGGNEQYF,TRBV29*01,TRBJ2-7*01,MusMusculus,SSLENFRAYV,InfluenzaA,1
109,23568,TRB,CASSIRNYAEQFF,TRBV19*01,TRBJ2-1*01,MusMusculus,TVYGFCLL,MCMV,1
110,23572,TRB,CASSRDQNTGQLYF,TRBV17*01,TRBJ2-2*01,MusMusculus,SSPPMFRV,MCMV,1
111,23573,TRB,CASSTGTTYEQYF,TRBV19*01,TRBJ2-7*01,MusMusculus,LSLRNPILV,InfluenzaA,1
112,23574,TRB,CASSPDSAETLYF,TRBV4*01,TRBJ2-3*01,MusMusculus,SSYRRPVGI,InfluenzaA,1
113,23576,TRB,CASSLDNYEQYF,TRBV16*01,TRBJ2-7*01,MusMusculus,TVYGFCLL,MCMV,1
114,23578,TRB,CASSLDRNTGQLYF,TRBV26*01,TRBJ2-2*01,MusMusculus,TVYGFCLL,MCMV,1
115,23579,TRB,CASSQDRNTGQLYF,TRBV26*01,TRBJ2-2*01,MusMusculus,TVYGFCLL,MCMV,1
116,23580,TRB,CASSWDRNTGQLYF,TRBV26*01,TRBJ2-2*01,MusMusculus,TVYGFCLL,MCMV,1
117,23581,TRB,CASSVDRFNQDTQYF,TRBV13-1*02,TRBJ2-5*01,MusMusculus,TVYGFCLL,MCMV,1
118,23582,TRB,CASSPGTGDYAEQFF,TRBV12-1*01,TRBJ2-1*01,MusMusculus,HGIRNASFI,MCMV,1
119,23584,TRB,CASGGESAETLYF,TRBV13-2*01,TRBJ2-3*01,MusMusculus,SSYRRPVGI,InfluenzaA,1
120,23586,TRB,CASRDNNQDTQYF,TRBV4*01,TRBJ2-5*01,MusMusculus,SSPPMFRV,MCMV,1
121,23587,TRB,CASSKFANTEVFF,TRBV17*01,TRBJ1-1*01,MusMusculus,HGIRNASFI,MCMV,1
122,23589,TRB,CASNTGDGERLFF,TRBV13-3*01,TRBJ1-4*02,MusMusculus,LSLRNPILV,InfluenzaA,1
123,23590,TRB,CASSPGTGGYNYAEQFF,TRBV3*01,TRBJ2-1*01,MusMusculus,SSPPMFRV,MCMV,1
124,23596,TRB,CASSRLGVSAETLYF,TRBV17*01,TRBJ2-3*01,MusMusculus,HGIRNASFI,MCMV,1
125,23603,TRB,CASSRDWGGQDTQYF,TRBV17*01,TRBJ2-5*01,MusMusculus,HGIRNASFI,MCMV,1
126,23607,TRB,CASSGDRDEQYF,TRBV13-3*01,TRBJ2-7*01,MusMusculus,SSYRRPVGI,InfluenzaA,1
127,23616,TRB,CASSRDWNTGQLYF,TRBV4*01,TRBJ2-2*01,MusMusculus,SSPPMFRV,MCMV,1
128,23619,TRB,CASSLVGQDTQYF,TRBV4*01,TRBJ2-5*01,MusMusculus,TVYGFCLL,MCMV,1
129,23621,TRB,CASSSLGSSAETLYF,TRBV17*01,TRBJ2-3*01,MusMusculus,HGIRNASFI,MCMV,1
130,23622,TRB,CASSDEGASYEQYF,TRBV13-3*01,TRBJ2-7*01,MusMusculus,SSPPMFRV,MCMV,1
131,23625,TRB,CASSPRKQLYF,TRBV14*01,TRBJ2-2*01,MusMusculus,ASNENMETM,InfluenzaA,1
132,23626,TRB,CASSSHLEVFF,TRBV29*01,TRBJ1-1*01,MusMusculus,SSLENFRAYV,InfluenzaA,1
133,23629,TRB,CASSIGDEQYF,TRBV19*01,TRBJ2-7*01,MusMusculus,SSLENFRAYV,InfluenzaA,1
134,23631,TRB,CASSIGDEQYF,TRBV19*01,TRBJ2-7*01,MusMusculus,SSYRRPVGI,InfluenzaA,1
135,23633,TRB,CASSIGSEQYF,TRBV19*01,TRBJ2-7*01,MusMusculus,SSLENFRAYV,InfluenzaA,1
136,23634,TRB,CASSWGSEVFF,TRBV19*01,TRBJ1-1*01,MusMusculus,SSLENFRAYV,InfluenzaA,1
137,23639,TRB,CASSQGPDYTF,TRBV26*01,TRBJ1-2*01,MusMusculus,TVYGFCLL,MCMV,1
138,23651,TRB,CGASWGVEQYF,TRBV20*01,TRBJ2-7*01,MusMusculus,TVYGFCLL,MCMV,1
139,23654,TRB,CASSDDWETLYF,TRBV13-3*01,TRBJ2-3*01,MusMusculus,SSYRRPVGI,InfluenzaA,1
140,23656,TRB,CASSAGQVNTEVFF,TRBV19*01,TRBJ1-1*01,MusMusculus,LSLRNPILV,InfluenzaA,1
141,23659,TRB,CASTLGGEVFF,TRBV29*01,TRBJ1-1*01,MusMusculus,SSLENFRAYV,InfluenzaA,1
142,23667,TRB,CTCSAGTGGYKYAEQFF,TRBV1*01,TRBJ2-1*01,MusMusculus,SSPPMFRV,MCMV,1
143,23671,TRB,CGARDGGLNTGQLYF,TRBV20*01,TRBJ2-2*01,MusMusculus,SSYRRPVGI,InfluenzaA,1
144,23673,TRB,CASSDHRGTEVFF,TRBV13-3*01,TRBJ1-1*01,MusMusculus,ASNENMETM,InfluenzaA,1
145,23674,TRB,CTCSADRINQDTQYF,TRBV1*01,TRBJ2-5*01,MusMusculus,SSYRRPVGI,InfluenzaA,1
146,23675,TRB,CASSLSWDREGTLYF,TRBV29*01,TRBJ2-4*01,MusMusculus,SSLENFRAYV,InfluenzaA,1
147,23677,TRB,CASSDSKNTEVFF,TRBV13-3*01,TRBJ1-1*01,MusMusculus,SSYRRPVGI,InfluenzaA,1
148,23682,TRB,CASSGLGSSAETLYF,TRBV17*01,TRBJ2-3*01,MusMusculus,HGIRNASFI,MCMV,1
149,23686,TRB,CASSRDNWSDYTF,TRBV4*01,TRBJ1-2*01,MusMusculus,SSPPMFRV,MCMV,1
150,23688,TRB,CASSRGWGGPENTLYF,TRBV17*01,TRBJ2-4*01,MusMusculus,HGIRNASFI,MCMV,1
151,23698,TRB,CASSIGGEVFF,TRBV19*01,TRBJ1-1*01,MusMusculus,SSLENFRAYV,InfluenzaA,1
152,23704,TRB,CASSIGNEQYF,TRBV19*01,TRBJ2-7*01,MusMusculus,SSLENFRAYV,InfluenzaA,1
153,23710,TRB,CASSWGDEQYF,TRBV19*01,TRBJ2-7*01,MusMusculus,SSLENFRAYV,InfluenzaA,1
154,23714,TRB,CASSETGRRTEVFF,TRBV13-1*02,TRBJ1-1*01,MusMusculus,ASNENMETM,InfluenzaA,1
155,23718,TRB,CSSSQSARGRGQNTLYF,TRBV23*01,TRBJ2-4*01,MusMusculus,SSPPMFRV,MCMV,1
156,23725,TRB,CASSNWGTNTGQLYF,TRBV19*01,TRBJ2-2*01,MusMusculus,LSLRNPILV,InfluenzaA,1
157,23728,TRB,CASSSPRDRGTSAETLYF,TRBV16*01,TRBJ2-3*01,MusMusculus,SSYRRPVGI,InfluenzaA,1
158,23730,TRB,CASSTRGAEQFF,TRBV12-1*01,TRBJ2-1*01,MusMusculus,ASNENMETM,InfluenzaA,1
159,23737,TRB,CASSPTGVAEQFF,TRBV17*01,TRBJ2-1*01,MusMusculus,HGIRNASFI,MCMV,1
160,23748,TRB,CASSADSAETLYF,TRBV4*01,TRBJ2-3*01,MusMusculus,SSYRRPVGI,InfluenzaA,1
161,23750,TRB,CASSQDEAFNYAEQFF,TRBV5*01,TRBJ2-1*01,MusMusculus,LSLRNPILV,InfluenzaA,1
162,23755,TRB,CASSRLGASAETLYF,TRBV17*01,TRBJ2-3*01,MusMusculus,HGIRNASFI,MCMV,1
163,23759,TRB,CASSRLGSSAETLYF,TRBV17*01,TRBJ2-3*01,MusMusculus,HGIRNASFI,MCMV,1
164,23761,TRB,CASSRLGTSAETLYF,TRBV17*01,TRBJ2-3*01,MusMusculus,HGIRNASFI,MCMV,1
165,23766,TRB,CASSSWGVSAETLYF,TRBV17*01,TRBJ2-3*01,MusMusculus,HGIRNASFI,MCMV,1
166,23767,TRB,CASSTLGTSAETLYF,TRBV17*01,TRBJ2-3*01,MusMusculus,HGIRNASFI,MCMV,1
167,23770,TRB,CASSRMGASAETLYF,TRBV17*01,TRBJ2-3*01,MusMusculus,HGIRNASFI,MCMV,1
168,23777,TRB,CASSWDSAETLYF,TRBV29*01,TRBJ2-3*01,MusMusculus,SSYRRPVGI,InfluenzaA,1
169,23781,TRB,CASSDGEQYF,TRBV13-1*02,TRBJ2-7*01,MusMusculus,SSYRRPVGI,InfluenzaA,1
170,23783,TRB,CASEGGPNQDTQYF,TRBV29*01,TRBJ2-5*01,MusMusculus,SSLENFRAYV,InfluenzaA,1
171,23814,TRB,CASSMGNNYAEQFF,TRBV19*01,TRBJ2-1*01,MusMusculus,LSLRNPILV,InfluenzaA,1
172,23815,TRB,CASSSGQDNYAEQFF,TRBV3*01,TRBJ2-1*01,MusMusculus,SSYRRPVGI,InfluenzaA,1
173,23840,TRB,CASSQDRRSSYNSPLYF,TRBV2*01,TRBJ1-1*01,MusMusculus,ASNENMETM,InfluenzaA,1
174,23862,TRB,CTCSGRTSAETLYF,TRBV1*01,TRBJ2-3*01,MusMusculus,SSYRRPVGI,InfluenzaA,1
175,23865,TRB,CASSAGTTEVFF,TRBV13-3*01,TRBJ1-1*01,MusMusculus,TVYGFCLL,MCMV,1
176,23872,TRB,CASSKGDYAEQFF,TRBV19*01,TRBJ2-1*01,MusMusculus,LSLRNPILV,InfluenzaA,1
177,23965,TRB,CASSRDRVGAETLYF,TRBV15*01,TRBJ2-3*01,MusMusculus,LSLRNPILV,InfluenzaA,1
178,23979,TRB,CASSLFQIQDTQYF,TRBV29*01,TRBJ2-5*01,MusMusculus,LSLRNPILV,InfluenzaA,1
179,23985,TRB,CASSSMGGAAETLYF,TRBV17*01,TRBJ2-3*01,MusMusculus,HGIRNASFI,MCMV,1
180,23989,TRB,CASSPTGGDQNTLYF,TRBV5*01,TRBJ2-4*01,MusMusculus,SSLENFRAYV,InfluenzaA,1
181,23992,TRB,CASSPLGSSAETLYF,TRBV29*01,TRBJ2-3*01,MusMusculus,HGIRNASFI,MCMV,1
182,24013,TRB,CASSQDRGNTLYF,TRBV2*01,TRBJ1-3*01,MusMusculus,SSPPMFRV,MCMV,1
183,24014,TRB,CASSGTGDTGQLYF,TRBV13-3*01,TRBJ2-2*01,MusMusculus,SSYRRPVGI,InfluenzaA,1
184,24018,TRB,CASSPQETGQLYF,TRBV19*01,TRBJ2-2*01,MusMusculus,HGIRNASFI,MCMV,1
185,24021,TRB,CASSSYEQYF,TRBV29*01,TRBJ2-7*01,MusMusculus,SSLENFRAYV,InfluenzaA,1
186,24023,TRB,CASSPGTGGYNYAEQFF,TRBV13-3*01,TRBJ2-1*01,MusMusculus,SSPPMFRV,MCMV,1
187,24026,TRB,CTCSAGTGGFNYAEQFF,TRBV1*01,TRBJ2-1*01,MusMusculus,SSPPMFRV,MCMV,1
188,24031,TRB,CASSYGGGEQYF,TRBV29*01,TRBJ2-7*01,MusMusculus,SSLENFRAYV,InfluenzaA,1
189,24034,TRB,CASSLSGFEQYF,TRBV29*01,TRBJ2-7*01,MusMusculus,SSLENFRAYV,InfluenzaA,1
190,24041,TRB,CASSLGGEQYF,TRBV29*01,TRBJ2-7*01,MusMusculus,SSLENFRAYV,InfluenzaA,1
191,24058,TRB,CASSDRDRDPGNTLYF,TRBV17*01,TRBJ1-3*01,MusMusculus,SSLENFRAYV,InfluenzaA,1
192,24060,TRB,CASSFDSYEQYF,TRBV16*01,TRBJ2-7*01,MusMusculus,SSYRRPVGI,InfluenzaA,1
193,24063,TRB,CASSWDRGEVFF,TRBV29*01,TRBJ1-1*01,MusMusculus,SSLENFRAYV,InfluenzaA,1
194,24065,TRB,CASSLGRGVFF,TRBV29*01,TRBJ1-1*01,MusMusculus,SSLENFRAYV,InfluenzaA,1
195,24070,TRB,CASSPGTYSGNTLYF,TRBV19*01,TRBJ1-3*01,MusMusculus,LSLRNPILV,InfluenzaA,1
196,24074,TRB,CASTSGNTLYF,TRBV29*01,TRBJ1-3*01,MusMusculus,SSLENFRAYV,InfluenzaA,1
197,24075,TRB,CASSAGTGGFNYAEQFF,TRBV5*01,TRBJ2-1*01,MusMusculus,SSPPMFRV,MCMV,1
198,24077,TRB,CASSGGTGGFNYAEQFF,TRBV13-1*02,TRBJ2-1*01,MusMusculus,SSPPMFRV,MCMV,1
199,24078,TRB,CASSIRTGGYNYAEQFF,TRBV19*01,TRBJ2-1*01,MusMusculus,SSPPMFRV,MCMV,1
200,24084,TRB,CASRGESAETLYF,TRBV19*01,TRBJ2-3*01,MusMusculus,SSYRRPVGI,InfluenzaA,1
201,24087,TRB,CASSPDRGEVFF,TRBV29*01,TRBJ1-1*01,MusMusculus,SSLENFRAYV,InfluenzaA,1
202,24090,TRB,CASSPDRGEQYF,TRBV29*01,TRBJ2-7*01,MusMusculus,SSLENFRAYV,InfluenzaA,1
203,24091,TRB,CASSLDRGEVFF,TRBV29*01,TRBJ1-1*01,MusMusculus,SSLENFRAYV,InfluenzaA,1
204,24095,TRB,CASSLDRGEQYF,TRBV29*01,TRBJ2-7*01,MusMusculus,SSLENFRAYV,InfluenzaA,1
205,24097,TRB,CASRNRGDYAEQFF,TRBV29*01,TRBJ2-1*01,MusMusculus,HGIRNASFI,MCMV,1
206,24100,TRB,CASSWDRGEQYF,TRBV29*01,TRBJ2-7*01,MusMusculus,SSLENFRAYV,InfluenzaA,1
207,24103,TRB,CASSRVAGTGGAPAEQFF,TRBV17*01,TRBJ2-1*01,MusMusculus,LSLRNPILV,InfluenzaA,1
208,24104,TRB,CTCSAGTGGYNYAEQFF,TRBV1*01,TRBJ2-1*01,MusMusculus,SSYRRPVGI,InfluenzaA,1
209,24105,TRB,CASSFAGGGAETLYF,TRBV16*01,TRBJ2-3*01,MusMusculus,SSYRRPVGI,InfluenzaA,1
210,24110,TRB,CASSGGADYTF,TRBV29*01,TRBJ1-2*01,MusMusculus,SSLENFRAYV,InfluenzaA,1
211,24115,TRB,CASSSGEGVFF,TRBV29*01,TRBJ1-1*01,MusMusculus,SSLENFRAYV,InfluenzaA,1
212,24116,TRB,CASSSGTEVFF,TRBV29*01,TRBJ1-1*01,MusMusculus,SSLENFRAYV,InfluenzaA,1
213,24122,TRB,CASSAGTGGYNYAEQFF,TRBV4*01,TRBJ2-1*01,MusMusculus,SSPPMFRV,MCMV,1
214,24124,TRB,CASRTDNNQAPLF,TRBV15*01,TRBJ1-5*01,MusMusculus,TVYGFCLL,MCMV,1
215,24126,TRB,CASSPRTGGANQDTQYF,TRBV4*01,TRBJ2-5*01,MusMusculus,TVYGFCLL,MCMV,1
216,24141,TRB,CASSLGGGVFF,TRBV29*01,TRBJ1-1*01,MusMusculus,SSLENFRAYV,InfluenzaA,1
217,24150,TRB,CASSSGGGVFF,TRBV29*01,TRBJ1-1*01,MusMusculus,SSLENFRAYV,InfluenzaA,1
218,24151,TRB,CASTGGEEVFF,TRBV29*01,TRBJ1-1*01,MusMusculus,SSLENFRAYV,InfluenzaA,1
219,24153,TRB,CASSLGGEVFF,TRBV29*01,TRBJ1-1*01,MusMusculus,SSLENFRAYV,InfluenzaA,1
220,24157,TRB,CASSFRGDYAEQFF,TRBV29*01,TRBJ2-1*01,MusMusculus,HGIRNASFI,MCMV,1
221,24162,TRB,CASSLTLQDTQYF,TRBV26*01,TRBJ2-5*01,MusMusculus,TVYGFCLL,MCMV,1
222,24167,TRB,CASTTGTGVVFF,TRBV29*01,TRBJ1-1*01,MusMusculus,SSLENFRAYV,InfluenzaA,1
223,24172,TRB,CASSEGEAPLF,TRBV29*01,TRBJ1-5*01,MusMusculus,SSLENFRAYV,InfluenzaA,1
224,24174,TRB,CASSGPEVFF,TRBV29*01,TRBJ1-1*01,MusMusculus,SSLENFRAYV,InfluenzaA,1
225,24178,TRB,CASSSGTGDF,TRBV29*01,TRBJ2-7*01,MusMusculus,SSLENFRAYV,InfluenzaA,1
226,24186,TRB,CASSGGQAPLF,TRBV29*01,TRBJ1-5*01,MusMusculus,SSLENFRAYV,InfluenzaA,1
227,24189,TRB,CASSGTGGYTEVFF,TRBV19*01,TRBJ1-1*01,MusMusculus,TVYGFCLL,MCMV,1
228,24190,TRB,CASGDRGDTEVFF,TRBV13-2*01,TRBJ1-1*01,MusMusculus,TVYGFCLL,MCMV,1
229,24191,TRB,CASSQDKGQANTEVFF,TRBV2*01,TRBJ1-1*01,MusMusculus,TVYGFCLL,MCMV,1
230,24195,TRB,CGARDHRGSQYF,TRBV20*01,TRBJ2-7*01,MusMusculus,ASNENMETM,InfluenzaA,1
231,24202,TRB,CASSLGTGDTGQLYF,TRBV12-1*01,TRBJ2-2*01,MusMusculus,HGIRNASFI,MCMV,1
232,24204,TRB,CASSFRDSAETLYF,TRBV14*01,TRBJ2-3*01,MusMusculus,SSYRRPVGI,InfluenzaA,1
233,24206,TRB,CASSQDPRRFSNERLFF,TRBV2*01,TRBJ1-4*02,MusMusculus,SSLENFRAYV,InfluenzaA,1
234,24207,TRB,CASSPGQGYEQYF,TRBV13-1*02,TRBJ2-7*01,MusMusculus,SSYRRPVGI,InfluenzaA,1
235,24208,TRB,CASSLWGDYYEQYF,TRBV4*01,TRBJ2-7*01,MusMusculus,SSYRRPVGI,InfluenzaA,1
236,24214,TRB,CASSLRGDNQAPLF,TRBV29*01,TRBJ1-5*01,MusMusculus,HGIRNASFI,MCMV,1
237,24215,TRB,CASSGGSAETLYF,TRBV13-1*02,TRBJ2-3*01,MusMusculus,TVYGFCLL,MCMV,1
238,24218,TRB,CASSPRTGGYNYAEQFF,TRBV5*01,TRBJ2-1*01,MusMusculus,SSPPMFRV,MCMV,1
239,24219,TRB,CASSFGTGNYAEQFF,TRBV19*01,TRBJ2-1*01,MusMusculus,LSLRNPILV,InfluenzaA,1
240,24235,TRB,CASSWGGRSSDYTF,TRBV29*01,TRBJ1-2*01,MusMusculus,ASNENMETM,InfluenzaA,1
241,24237,TRB,CASRYRGDNQAPLF,TRBV19*01,TRBJ1-5*01,MusMusculus,HGIRNASFI,MCMV,1
242,24242,TRB,CARRGTDSAETQYF,TRBV19*01,TRBJ2-3*01,MusMusculus,SSYRRPVGI,InfluenzaA,1
243,24243,TRB,CASRGTDSAETLYF,TRBV19*01,TRBJ2-3*01,MusMusculus,SSYRRPVGI,InfluenzaA,1
244,24244,TRB,CASRGTDSAETQYF,TRBV19*01,TRBJ2-3*01,MusMusculus,SSYRRPVGI,InfluenzaA,1
245,24245,TRB,CASSWDSAETLYF,TRBV4*01,TRBJ2-3*01,MusMusculus,SSYRRPVGI,InfluenzaA,1
246,24247,TRB,CASSGGAEQYF,TRBV19*01,TRBJ2-7*01,MusMusculus,SSLENFRAYV,InfluenzaA,1
247,24249,TRB,CASSGGAEQFF,TRBV19*01,TRBJ2-1*01,MusMusculus,SSLENFRAYV,InfluenzaA,1
248,24250,TRB,CASSMGAEQFF,TRBV19*01,TRBJ2-1*01,MusMusculus,SSLENFRAYV,InfluenzaA,1
249,24252,TRB,CASSTGAEQFF,TRBV19*01,TRBJ2-1*01,MusMusculus,SSLENFRAYV,InfluenzaA,1
250,24260,TRB,CASSDADWGTYAEQFF,TRBV13-1*02,TRBJ2-1*01,MusMusculus,HGIRNASFI,MCMV,1
251,24261,TRB,CTCSADEGFYAEQFF,TRBV1*01,TRBJ2-1*01,MusMusculus,HGIRNASFI,MCMV,1
252,24266,TRB,CASSAGTGGYNYAEQFF,TRBV13-1*02,TRBJ2-1*01,MusMusculus,SSPPMFRV,MCMV,1
253,24267,TRB,CASSAGTGGYNYAEQFF,TRBV13-3*01,TRBJ2-1*01,MusMusculus,SSPPMFRV,MCMV,1
254,24268,TRB,CASSLGGGSQNTLYF,TRBV12-1*01,TRBJ2-4*01,MusMusculus,HGIRNASFI,MCMV,1
255,24270,TRB,CASSPGTGGAETLYF,TRBV19*01,TRBJ2-3*01,MusMusculus,LSLRNPILV,InfluenzaA,1
256,24274,TRB,CTCSAGQGGNQAPLF,TRBV1*01,TRBJ1-5*01,MusMusculus,SSLENFRAYV,InfluenzaA,1
257,24277,TRB,CASSQDLGTANTEVFF,TRBV2*01,TRBJ1-1*01,MusMusculus,TVYGFCLL,MCMV,1
258,24278,TRB,CASSDDTYAEQFF,TRBV13-3*01,TRBJ2-1*01,MusMusculus,SSYRRPVGI,InfluenzaA,1
259,24284,TRB,CASGDPGGNQDTQYF,TRBV13-2*01,TRBJ2-5*01,MusMusculus,TVYGFCLL,MCMV,1
260,24285,TRB,CASGETSQNTLYF,TRBV13-2*01,TRBJ2-4*01,MusMusculus,TVYGFCLL,MCMV,1
261,24287,TRB,CASSWKGDNSPLYF,TRBV29*01,TRBJ1-1*01,MusMusculus,HGIRNASFI,MCMV,1
262,24289,TRB,CASSYRGDYAEQFF,TRBV29*01,TRBJ2-1*01,MusMusculus,HGIRNASFI,MCMV,1
263,24290,TRB,CASSLDWGGVNQDTQYF,TRBV16*01,TRBJ2-5*01,MusMusculus,TVYGFCLL,MCMV,1
264,24298,TRB,CASSFRGDNQAPLF,TRBV29*01,TRBJ1-5*01,MusMusculus,HGIRNASFI,MCMV,1
265,24299,TRB,CASSQDSYANTEVFF,TRBV2*01,TRBJ1-1*01,MusMusculus,ASNENMETM,InfluenzaA,1
266,24306,TRB,CASSWGANTEVFF,TRBV19*01,TRBJ1-1*01,MusMusculus,LSLRNPILV,InfluenzaA,1
267,24308,TRB,CASSIPRVYNSPLYF,TRBV19*01,TRBJ1-1*01,MusMusculus,TVYGFCLL,MCMV,1
268,24324,TRB,CASSEGGPYEQYF,TRBV13-1*02,TRBJ2-7*01,MusMusculus,SSYRRPVGI,InfluenzaA,1
269,24325,TRB,CASSPRDSAETLYF,TRBV3*01,TRBJ2-3*01,MusMusculus,SSYRRPVGI,InfluenzaA,1
270,24328,TRB,CASSPWGGQGGGNTLYF,TRBV19*01,TRBJ1-3*01,MusMusculus,TVYGFCLL,MCMV,1
271,24338,TRB,CTCSAASGSNSDYTF,TRBV1*01,TRBJ1-2*01,MusMusculus,ASNENMETM,InfluenzaA,1
272,24345,TRB,CASSDAQWTNTEVFF,TRBV13-1*02,TRBJ1-1*01,MusMusculus,TVYGFCLL,MCMV,1
273,24347,TRB,CASSSGFNYAEQFF,TRBV14*01,TRBJ2-1*01,MusMusculus,HGIRNASFI,MCMV,1
274,24351,TRB,CASSPGQGYEQYF,TRBV14*01,TRBJ2-7*01,MusMusculus,SSYRRPVGI,InfluenzaA,1
275,24353,TRB,CASSTGGEQYF,TRBV19*01,TRBJ2-7*01,MusMusculus,SSLENFRAYV,InfluenzaA,1
276,24356,TRB,CASSSGGEQYF,TRBV19*01,TRBJ2-7*01,MusMusculus,SSLENFRAYV,InfluenzaA,1
277,24357,TRB,CASSQEDWGSAETLYF,TRBV5*01,TRBJ2-3*01,MusMusculus,ASNENMETM,InfluenzaA,1
278,24359,TRB,CASSRNWGEKDTQYF,TRBV17*01,TRBJ2-5*01,MusMusculus,HGIRNASFI,MCMV,1
279,24364,TRB,CASSEGGEQYF,TRBV29*01,TRBJ2-7*01,MusMusculus,SSLENFRAYV,InfluenzaA,1
280,24369,TRB,CASSQGGRQYF,TRBV29*01,TRBJ2-7*01,MusMusculus,SSLENFRAYV,InfluenzaA,1
281,24379,TRB,CASRVNTGQLYF,TRBV19*01,TRBJ2-2*01,MusMusculus,SSYRRPVGI,InfluenzaA,1
282,24381,TRB,CASSEPDSAETLYF,TRBV13-1*02,TRBJ2-3*01,MusMusculus,SSYRRPVGI,InfluenzaA,1
283,24386,TRB,CASSLPDSQDTQYF,TRBV15*01,TRBJ2-5*01,MusMusculus,SSYRRPVGI,InfluenzaA,1
284,24387,TRB,CASSALGGLDTQYF,TRBV13-3*01,TRBJ2-5*01,MusMusculus,LSLRNPILV,InfluenzaA,1
285,24391,TRB,CASTEGGEQYF,TRBV29*01,TRBJ2-7*01,MusMusculus,SSLENFRAYV,InfluenzaA,1
286,24397,TRB,CASSTGDEQYF,TRBV29*01,TRBJ2-7*01,MusMusculus,SSLENFRAYV,InfluenzaA,1
287,24398,TRB,CASSWGDEQYF,TRBV29*01,TRBJ2-7*01,MusMusculus,SSLENFRAYV,InfluenzaA,1
288,24400,TRB,CASSLTDEQYF,TRBV29*01,TRBJ2-7*01,MusMusculus,SSLENFRAYV,InfluenzaA,1
289,24403,TRB,CATGTGSSAETLYF,TRBV14*01,TRBJ2-3*01,MusMusculus,SSPPMFRV,MCMV,1
290,24415,TRB,CASSDARGGGNSDYTF,TRBV13-1*02,TRBJ1-2*01,MusMusculus,SSYRRPVGI,InfluenzaA,1
291,24417,TRB,CASSGRDSNSDYTF,TRBV13-1*02,TRBJ1-2*01,MusMusculus,SSYRRPVGI,InfluenzaA,1
292,24418,TRB,CASSDAGGARVFF,TRBV13-1*02,TRBJ1-1*01,MusMusculus,TVYGFCLL,MCMV,1
293,24424,TRB,CASGDGGTEKYAEQFF,TRBV13-2*01,TRBJ2-1*01,MusMusculus,TVYGFCLL,MCMV,1
294,24425,TRB,CASSAGTSEVFF,TRBV13-1*02,TRBJ1-1*01,MusMusculus,TVYGFCLL,MCMV,1
295,24426,TRB,CASSEGITEVFF,TRBV13-1*02,TRBJ1-1*01,MusMusculus,TVYGFCLL,MCMV,1
296,24427,TRB,CASSEGVTEVFF,TRBV13-1*02,TRBJ1-1*01,MusMusculus,TVYGFCLL,MCMV,1
297,24428,TRB,CASSPLTGGAYEQYF,TRBV12-2*01,TRBJ2-7*01,MusMusculus,TVYGFCLL,MCMV,1
298,24429,TRB,CASSSGGSAETLYF,TRBV16*01,TRBJ2-3*01,MusMusculus,TVYGFCLL,MCMV,1
299,24432,TRB,CAWSPGTGGYNYAEQFF,TRBV31*01,TRBJ2-1*01,MusMusculus,SSPPMFRV,MCMV,1
300,24435,TRB,CASSFGTEVFF,TRBV29*01,TRBJ1-1*01,MusMusculus,SSLENFRAYV,InfluenzaA,1
301,24440,TRB,CSYGTTSAETLYF,TRBV30*01,TRBJ2-3*01,MusMusculus,SSYRRPVGI,InfluenzaA,1
302,24441,TRB,CASGEANTEVFF,TRBV13-2*01,TRBJ1-1*01,MusMusculus,TVYGFCLL,MCMV,1
303,24445,TRB,CASSLGGYEQYF,TRBV29*01,TRBJ2-7*01,MusMusculus,SSLENFRAYV,InfluenzaA,1
304,24454,TRB,CASSWGGAPLF,TRBV29*01,TRBJ1-5*01,MusMusculus,SSLENFRAYV,InfluenzaA,1
305,24455,TRB,CASSSTGRNTQYF,TRBV17*01,TRBJ2-5*01,MusMusculus,TVYGFCLL,MCMV,1
306,24458,TRB,CASSGGSNTGQLYF,TRBV13-1*02,TRBJ2-2*01,MusMusculus,ASNENMETM,InfluenzaA,1
307,24461,TRB,CASSHLQDTQYF,TRBV2*01,TRBJ2-5*01,MusMusculus,LSLRNPILV,InfluenzaA,1
308,24462,TRB,CASSARTANTEVFF,TRBV13-1*02,TRBJ1-1*01,MusMusculus,ASNENMETM,InfluenzaA,1
309,24467,TRB,CASIGYNYAEQFF,TRBV29*01,TRBJ2-1*01,MusMusculus,SSLENFRAYV,InfluenzaA,1
310,24469,TRB,CASSERDWGGEQYF,TRBV13-1*02,TRBJ2-7*01,MusMusculus,SSYRRPVGI,InfluenzaA,1
311,24476,TRB,CASSPGPTNERLFF,TRBV5*01,TRBJ1-4*02,MusMusculus,ASNENMETM,InfluenzaA,1
312,24477,TRB,CASSLVGDQNTLYF,TRBV12-1*01,TRBJ2-4*01,MusMusculus,HGIRNASFI,MCMV,1
313,24481,TRB,CAWSPGREVFF,TRBV31*01,TRBJ1-1*01,MusMusculus,SSLENFRAYV,InfluenzaA,1
314,24485,TRB,CASSGGAHTGQLYF,TRBV13-1*02,TRBJ2-2*01,MusMusculus,ASNENMETM,InfluenzaA,1
315,24488,TRB,CASSGGGNTGQLYF,TRBV13-1*02,TRBJ2-2*01,MusMusculus,ASNENMETM,InfluenzaA,1
316,24489,TRB,CASSGGANTGQLYF,TRBV13-1*02,TRBJ2-2*01,MusMusculus,ASNENMETM,InfluenzaA,1
317,24495,TRB,CASSASNFSNERLFF,TRBV13-1*02,TRBJ1-4*02,MusMusculus,SSLENFRAYV,InfluenzaA,1
318,24497,TRB,CASKGGANTGQLYF,TRBV13-1*02,TRBJ2-2*01,MusMusculus,ASNENMETM,InfluenzaA,1
319,24499,TRB,CASSRDSAETLYF,TRBV14*01,TRBJ2-3*01,MusMusculus,SSYRRPVGI,InfluenzaA,1
320,24501,TRB,CASSPRLGAYAEQFF,TRBV13-1*02,TRBJ2-1*01,MusMusculus,SSYRRPVGI,InfluenzaA,1
321,24502,TRB,CASRGGARTGQLYF,TRBV13-1*02,TRBJ2-2*01,MusMusculus,ASNENMETM,InfluenzaA,1
322,24504,TRB,CASSRRERNSPLYF,TRBV13-3*01,TRBJ1-1*01,MusMusculus,HGIRNASFI,MCMV,1
323,24506,TRB,CASRGGGHTGQLYF,TRBV13-1*02,TRBJ2-2*01,MusMusculus,ASNENMETM,InfluenzaA,1
324,24511,TRB,CASSGGGRTGQLYF,TRBV13-1*02,TRBJ2-2*01,MusMusculus,ASNENMETM,InfluenzaA,1
325,24515,TRB,CASGETAGNTLYF,TRBV13-2*01,TRBJ1-3*01,MusMusculus,ASNENMETM,InfluenzaA,1
326,24518,TRB,CTCSADRENTEVFF,TRBV1*01,TRBJ1-1*01,MusMusculus,SSYRRPVGI,InfluenzaA,1
327,24526,TRB,CASKGGSNTGQLYF,TRBV13-1*02,TRBJ2-2*01,MusMusculus,ASNENMETM,InfluenzaA,1
328,24531,TRB,CASSWRTDYAEQFF,TRBV29*01,TRBJ2-1*01,MusMusculus,HGIRNASFI,MCMV,1
329,24532,TRB,CATGTGSSAETLYF,TRBV14*01,TRBJ2-3*01,MusMusculus,HGIRNASFI,MCMV,1
330,24539,TRB,CTCSAGTGVAEQFF,TRBV1*01,TRBJ2-1*01,MusMusculus,SSYRRPVGI,InfluenzaA,1
331,24542,TRB,CASSQDLGGRYEQYF,TRBV5*01,TRBJ2-7*01,MusMusculus,ASNENMETM,InfluenzaA,1
332,24546,TRB,CASSQDLGGVYEQYF,TRBV5*01,TRBJ2-7*01,MusMusculus,ASNENMETM,InfluenzaA,1
333,24549,TRB,CASGDAGSSYEQYF,TRBV13-2*01,TRBJ2-7*01,MusMusculus,LSLRNPILV,InfluenzaA,1
334,24569,TRB,CASSEGKEVFF,TRBV13-3*01,TRBJ1-1*01,MusMusculus,ASNENMETM,InfluenzaA,1
335,24573,TRB,CAGTGGAEQYF,TRBV29*01,TRBJ2-7*01,MusMusculus,SSYRRPVGI,InfluenzaA,1
336,24574,TRB,CASGGDSAETLYF,TRBV13-2*01,TRBJ2-3*01,MusMusculus,SSYRRPVGI,InfluenzaA,1
337,24575,TRB,CASGGDSSAETLYF,TRBV13-2*01,TRBJ2-3*01,MusMusculus,SSYRRPVGI,InfluenzaA,1
338,24580,TRB,CASSQDWGGDTLYF,TRBV2*01,TRBJ2-4*01,MusMusculus,SSYRRPVGI,InfluenzaA,1
339,24581,TRB,CASSQGGFDYAEQFF,TRBV2*01,TRBJ2-1*01,MusMusculus,HGIRNASFI,MCMV,1
340,24584,TRB,CASRGGANTGQLYF,TRBV13-1*02,TRBJ2-2*01,MusMusculus,ASNENMETM,InfluenzaA,1
341,24590,TRB,CASSDAPTSNERLFF,TRBV13-3*01,TRBJ1-4*02,MusMusculus,SSYRRPVGI,InfluenzaA,1
342,24591,TRB,CASSLTNNYAEQFF,TRBV26*01,TRBJ2-1*01,MusMusculus,HGIRNASFI,MCMV,1
343,24598,TRB,CTCSASPERLFF,TRBV1*01,TRBJ1-4*02,MusMusculus,SSPPMFRV,MCMV,1
344,24602,TRB,CASSDFISNERLFF,TRBV13-1*02,TRBJ1-4*02,MusMusculus,LSLRNPILV,InfluenzaA,1
345,24609,TRB,CASSIVGGGAETLYF,TRBV19*01,TRBJ2-3*01,MusMusculus,ASNENMETM,InfluenzaA,1
346,24610,TRB,CASSIVGGGAETLYF,TRBV19*01,TRBJ2-3*01,MusMusculus,SSYRRPVGI,InfluenzaA,1
347,24611,TRB,CASSLFPTEVFF,TRBV29*01,TRBJ1-1*01,MusMusculus,SSLENFRAYV,InfluenzaA,1
348,24613,TRB,CASSGGPNTGQLSF,TRBV13-1*02,TRBJ2-2*01,MusMusculus,ASNENMETM,InfluenzaA,1
349,24614,TRB,CASSGGPNTGQLYF,TRBV13-1*02,TRBJ2-2*01,MusMusculus,ASNENMETM,InfluenzaA,1
350,24615,TRB,CASSGGQNTGQLSF,TRBV13-1*02,TRBJ2-2*01,MusMusculus,ASNENMETM,InfluenzaA,1
351,24617,TRB,CASSGKQNTSQFTF,TRBV13-1*02,TRBJ2-2*01,MusMusculus,ASNENMETM,InfluenzaA,1
352,24618,TRB,CASSLKQGRSDYSF,TRBV29*01,TRBJ1-2*01,MusMusculus,ASNENMETM,InfluenzaA,1
353,24619,TRB,CASSLKQGRSDYTF,TRBV29*01,TRBJ1-2*01,MusMusculus,ASNENMETM,InfluenzaA,1
354,24623,TRB,CASKGGGNTGQLYF,TRBV13-1*02,TRBJ2-2*01,MusMusculus,ASNENMETM,InfluenzaA,1
355,24629,TRB,CASSLWRDTLYF,TRBV26*01,TRBJ2-4*01,MusMusculus,ASNENMETM,InfluenzaA,1
356,24639,TRB,CASSDHRNTEVFF,TRBV13-1*02,TRBJ1-1*01,MusMusculus,SSYRRPVGI,InfluenzaA,1
357,24640,TRB,CASSMDSAETLYF,TRBV15*01,TRBJ2-3*01,MusMusculus,SSYRRPVGI,InfluenzaA,1
358,24643,TRB,CASSILGGGAETLYF,TRBV19*01,TRBJ2-3*01,MusMusculus,ASNENMETM,InfluenzaA,1
359,24655,TRB,CASSLGTGGIQNTLYF,TRBV24*01,TRBJ2-4*01,MusMusculus,ASNENMETM,InfluenzaA,1
360,24658,TRB,CASSQDWGGDTQYF,TRBV2*01,TRBJ2-5*01,MusMusculus,SSYRRPVGI,InfluenzaA,1
361,24677,TRB,CASSIGWGAYEQYF,TRBV19*01,TRBJ2-7*01,MusMusculus,SSYRRPVGI,InfluenzaA,1
362,24678,TRB,CASSLATGGYNYAEQFF,TRBV3*01,TRBJ2-1*01,MusMusculus,SSPPMFRV,MCMV,1
363,24680,TRB,CASSSGTGGYNYAEQFF,TRBV4*01,TRBJ2-1*01,MusMusculus,SSYRRPVGI,InfluenzaA,1
364,24691,TRB,CASSAGQGDNYAEQFF,TRBV29*01,TRBJ2-1*01,MusMusculus,HGIRNASFI,MCMV,1
365,24696,TRB,CASSPGTTNTEVFF,TRBV19*01,TRBJ1-1*01,MusMusculus,LSLRNPILV,InfluenzaA,1
366,24716,TRB,CASWGDSAETLYF,TRBV12-1*01,TRBJ2-3*01,MusMusculus,SSYRRPVGI,InfluenzaA,1
367,24719,TRB,CASSSPTEQYF,TRBV29*01,TRBJ2-7*01,MusMusculus,SSLENFRAYV,InfluenzaA,1
368,24721,TRB,CASSSGDYAEQFF,TRBV19*01,TRBJ2-1*01,MusMusculus,LSLRNPILV,InfluenzaA,1
369,24722,TRB,CASSLTGDYAEQFF,TRBV12-1*01,TRBJ2-1*01,MusMusculus,HGIRNASFI,MCMV,1
370,24727,TRB,CASSIDTGTNTGQLYF,TRBV19*01,TRBJ2-2*01,MusMusculus,LSLRNPILV,InfluenzaA,1
371,24728,TRB,CASSLSQGAYAEQFF,TRBV29*01,TRBJ2-1*01,MusMusculus,LSLRNPILV,InfluenzaA,1
372,24733,TRB,CASGGTDSAETLYF,TRBV13-2*01,TRBJ2-3*01,MusMusculus,SSYRRPVGI,InfluenzaA,1
373,24742,TRB,CASSIGDTYEQYF,TRBV19*01,TRBJ2-7*01,MusMusculus,LSLRNPILV,InfluenzaA,1
374,24743,TRB,CASSMGANTEVFF,TRBV19*01,TRBJ1-1*01,MusMusculus,LSLRNPILV,InfluenzaA,1
375,24744,TRB,CASSPGDSYEQYF,TRBV19*01,TRBJ2-7*01,MusMusculus,LSLRNPILV,InfluenzaA,1
376,24749,TRB,CASSFGTANSDYTF,TRBV4*01,TRBJ1-2*01,MusMusculus,SSPPMFRV,MCMV,1
377,24753,TRB,CASSAGTGDTEVFF,TRBV19*01,TRBJ1-1*01,MusMusculus,LSLRNPILV,InfluenzaA,1
378,24755,TRB,CASSIGQDEQYF,TRBV19*01,TRBJ2-7*01,MusMusculus,LSLRNPILV,InfluenzaA,1
379,24756,TRB,CASSRTGDYAEQFF,TRBV12-1*01,TRBJ2-1*01,MusMusculus,HGIRNASFI,MCMV,1
380,24757,TRB,CASSPGPSSYEQYF,TRBV12-1*01,TRBJ2-7*01,MusMusculus,ASNENMETM,InfluenzaA,1
381,24765,TRB,CASSLGTGDYAEQFF,TRBV12-1*01,TRBJ2-1*01,MusMusculus,HGIRNASFI,MCMV,1
382,24768,TRB,CASSLTGGGDYAEQFF,TRBV12-1*01,TRBJ2-1*01,MusMusculus,HGIRNASFI,MCMV,1
383,24773,TRB,CASSSNSDYTF,TRBV3*01,TRBJ1-2*01,MusMusculus,SSYRRPVGI,InfluenzaA,1
384,24778,TRB,CASSLGSQNTLYF,TRBV12-1*01,TRBJ2-4*01,MusMusculus,HGIRNASFI,MCMV,1
385,24782,TRB,CASSPSTGREQYF,TRBV12-1*01,TRBJ2-7*01,MusMusculus,HGIRNASFI,MCMV,1
386,24786,TRB,CASSLSGDSDYTF,TRBV12-1*01,TRBJ1-2*01,MusMusculus,HGIRNASFI,MCMV,1
387,24788,TRB,CASSTGINSPLYF,TRBV19*01,TRBJ1-1*01,MusMusculus,LSLRNPILV,InfluenzaA,1
388,24791,TRB,CASSRGLTSAETLYF,TRBV19*01,TRBJ2-3*01,MusMusculus,LSLRNPILV,InfluenzaA,1
389,24792,TRB,CASSPGQGVSNERLFF,TRBV12-1*01,TRBJ1-4*02,MusMusculus,HGIRNASFI,MCMV,1
390,24801,TRB,CASSTGGGSDYTF,TRBV12-1*01,TRBJ1-2*01,MusMusculus,HGIRNASFI,MCMV,1
391,24804,TRB,CASSMGANERLFF,TRBV19*01,TRBJ1-4*02,MusMusculus,LSLRNPILV,InfluenzaA,1
392,24805,TRB,CASNFRGDYAEQFF,TRBV29*01,TRBJ2-1*01,MusMusculus,HGIRNASFI,MCMV,1
393,24808,TRB,CASSMGTGVYEQYF,TRBV19*01,TRBJ2-7*01,MusMusculus,LSLRNPILV,InfluenzaA,1
394,24812,TRB,CASGTGEYAEQFF,TRBV19*01,TRBJ2-1*01,MusMusculus,SSYRRPVGI,InfluenzaA,1
395,24817,TRB,CASSLGDYAEQFF,TRBV19*01,TRBJ2-1*01,MusMusculus,LSLRNPILV,InfluenzaA,1
396,24821,TRB,CASSPGDYAEQFF,TRBV19*01,TRBJ2-1*01,MusMusculus,LSLRNPILV,InfluenzaA,1
397,24826,TRB,CASSQEDTSNERLFF,TRBV5*01,TRBJ1-4*02,MusMusculus,SSYRRPVGI,InfluenzaA,1
398,24827,TRB,CASSRQNSDYTF,TRBV12-1*01,TRBJ1-2*01,MusMusculus,HGIRNASFI,MCMV,1
399,24832,TRB,CASSLGSAETLYF,TRBV12-1*01,TRBJ2-3*01,MusMusculus,HGIRNASFI,MCMV,1
400,24834,TRB,CASSLSGNSDYTF,TRBV12-1*01,TRBJ1-2*01,MusMusculus,HGIRNASFI,MCMV,1
401,24836,TRB,CASSPGSGNTLYF,TRBV12-1*01,TRBJ1-3*01,MusMusculus,HGIRNASFI,MCMV,1
402,24838,TRB,CASSAGGENTLYF,TRBV12-1*01,TRBJ2-4*01,MusMusculus,HGIRNASFI,MCMV,1
403,24839,TRB,CASSLAKNSDYTF,TRBV12-1*01,TRBJ1-2*01,MusMusculus,HGIRNASFI,MCMV,1
404,24843,TRB,CASSPGGQNTLYF,TRBV12-1*01,TRBJ2-4*01,MusMusculus,HGIRNASFI,MCMV,1
405,24846,TRB,CASSDWTSQAPLF,TRBV13-3*01,TRBJ1-5*01,MusMusculus,HGIRNASFI,MCMV,1
406,24847,TRB,CASSPGQTYEQYF,TRBV19*01,TRBJ2-7*01,MusMusculus,LSLRNPILV,InfluenzaA,1
407,24854,TRB,CASSPGTGGDTEVFF,TRBV19*01,TRBJ1-1*01,MusMusculus,TVYGFCLL,MCMV,1
408,24856,TRB,CASSLVGDYEQYF,TRBV12-1*01,TRBJ2-7*01,MusMusculus,HGIRNASFI,MCMV,1
409,24857,TRB,CASRDWESSYEQYF,TRBV13-3*01,TRBJ2-7*01,MusMusculus,ASNENMETM,InfluenzaA,1
410,24859,TRB,CASSQGSNERLFF,TRBV19*01,TRBJ1-4*02,MusMusculus,LSLRNPILV,InfluenzaA,1
411,24863,TRB,CASSMGQGWEQYF,TRBV19*01,TRBJ2-7*01,MusMusculus,LSLRNPILV,InfluenzaA,1
412,24865,TRB,CASSLPGDYAEQFF,TRBV12-1*01,TRBJ2-1*01,MusMusculus,HGIRNASFI,MCMV,1
413,24866,TRB,CASSLVLGDAETLYF,TRBV12-1*01,TRBJ2-3*01,MusMusculus,HGIRNASFI,MCMV,1
414,24869,TRB,CASSLLGGDAETLYF,TRBV12-1*01,TRBJ2-3*01,MusMusculus,HGIRNASFI,MCMV,1
415,24870,TRB,CASSLLGDYAEQFF,TRBV12-1*01,TRBJ2-1*01,MusMusculus,HGIRNASFI,MCMV,1
416,24871,TRB,CASSPSNQDTQYF,TRBV12-1*01,TRBJ2-5*01,MusMusculus,HGIRNASFI,MCMV,1
417,24885,TRB,CASSPGDTGQLYF,TRBV19*01,TRBJ2-2*01,MusMusculus,LSLRNPILV,InfluenzaA,1
418,24886,TRB,CASSLGGQDTQYF,TRBV12-1*01,TRBJ2-5*01,MusMusculus,HGIRNASFI,MCMV,1
419,24888,TRB,CASSIDTGGTSYEQYF,TRBV19*01,TRBJ2-7*01,MusMusculus,LSLRNPILV,InfluenzaA,1
420,24919,TRB,CASSPLGGRRDTQYF,TRBV14*01,TRBJ2-5*01,MusMusculus,SSLENFRAYV,InfluenzaA,1
421,24938,TRB,CASSGDSAETLYF,TRBV4*01,TRBJ2-3*01,MusMusculus,SSYRRPVGI,InfluenzaA,1
422,24944,TRB,CASSTTSQNTLYF,TRBV26*01,TRBJ2-4*01,MusMusculus,TVYGFCLL,MCMV,1
423,24947,TRB,CASSETGDEQYF,TRBV4*01,TRBJ2-7*01,MusMusculus,TVYGFCLL,MCMV,1
424,24956,TRB,CAWSHTGGARNTLYF,TRBV31*01,TRBJ2-4*01,MusMusculus,ASNENMETM,InfluenzaA,1
425,24961,TRB,CASSLGDEQYF,TRBV29*01,TRBJ2-7*01,MusMusculus,SSLENFRAYV,InfluenzaA,1
426,24962,TRB,CASSNLEAEQFF,TRBV29*01,TRBJ2-1*01,MusMusculus,SSYRRPVGI,InfluenzaA,1
427,24964,TRB,CASSMSQANTGQLYF,TRBV19*01,TRBJ2-2*01,MusMusculus,LSLRNPILV,InfluenzaA,1
428,24968,TRB,CASSIGSEQFF,TRBV19*01,TRBJ2-1*01,MusMusculus,SSLENFRAYV,InfluenzaA,1
429,24973,TRB,CASSPPDSAETLYF,TRBV19*01,TRBJ2-3*01,MusMusculus,SSYRRPVGI,InfluenzaA,1
430,24987,TRB,CASSKDSAETLYF,TRBV4*01,TRBJ2-3*01,MusMusculus,SSYRRPVGI,InfluenzaA,1
431,24990,TRB,CASSPDSAETLYF,TRBV14*01,TRBJ2-3*01,MusMusculus,SSYRRPVGI,InfluenzaA,1
432,24991,TRB,CASSPPDSAETLYF,TRBV12-2*01,TRBJ2-3*01,MusMusculus,SSYRRPVGI,InfluenzaA,1
433,24992,TRB,CASSRDSAETLYF,TRBV4*01,TRBJ2-3*01,MusMusculus,SSYRRPVGI,InfluenzaA,1
434,24993,TRB,CASSWESAETLYF,TRBV4*01,TRBJ2-3*01,MusMusculus,SSYRRPVGI,InfluenzaA,1
435,24996,TRB,CASGTGENSDYTF,TRBV13-2*01,TRBJ1-2*01,MusMusculus,LSLRNPILV,InfluenzaA,1
436,25010,TRB,CASSATSAETLYF,TRBV19*01,TRBJ2-3*01,MusMusculus,SSYRRPVGI,InfluenzaA,1
437,25011,TRB,CASSGGSNTGQLYF,TRBV13-1*02,TRBJ2-2*01,MusMusculus,SSYRRPVGI,InfluenzaA,1
438,25012,TRB,CASSIGSEQYF,TRBV19*01,TRBJ2-7*01,MusMusculus,SSYRRPVGI,InfluenzaA,1
439,25013,TRB,CASSSDSAETLYF,TRBV15*01,TRBJ2-3*01,MusMusculus,SSYRRPVGI,InfluenzaA,1
440,25014,TRB,CASSSPRDSAETLYF,TRBV19*01,TRBJ2-3*01,MusMusculus,SSYRRPVGI,InfluenzaA,1
441,25015,TRB,CASSDAASTEVFF,TRBV13-1*02,TRBJ1-1*01,MusMusculus,ASNENMETM,InfluenzaA,1
442,25027,TRB,CASSSWGNQDTQYF,TRBV17*01,TRBJ2-5*01,MusMusculus,HGIRNASFI,MCMV,1
443,25041,TRB,CGARDRDWGQNTLYF,TRBV20*01,TRBJ2-4*01,MusMusculus,ASNENMETM,InfluenzaA,1
444,25042,TRB,CASADNYNSPLYF,TRBV13-1*02,TRBJ1-1*01,MusMusculus,ASNENMETM,InfluenzaA,1
445,25044,TRB,CASSQARNTEVFF,TRBV5*01,TRBJ1-1*01,MusMusculus,ASNENMETM,InfluenzaA,1
446,25046,TRB,CASSADSAETLYF,TRBV14*01,TRBJ2-3*01,MusMusculus,SSLENFRAYV,InfluenzaA,1
447,25054,TRB,CASSGGQGNSPLYF,TRBV13-1*02,TRBJ1-1*01,MusMusculus,ASNENMETM,InfluenzaA,1
448,25055,TRB,CASSSWGGLSQNTLYF,TRBV3*01,TRBJ2-4*01,MusMusculus,SSYRRPVGI,InfluenzaA,1
449,25071,TRB,CTCSADWRNSYNSPLYF,TRBV1*01,TRBJ1-1*01,MusMusculus,ASNENMETM,InfluenzaA,1
450,25072,TRB,CASSDSAATEVFF,TRBV13-1*02,TRBJ1-1*01,MusMusculus,ASNENMETM,InfluenzaA,1
451,25078,TRB,CASGDRDWGDEQYF,TRBV13-2*01,TRBJ2-7*01,MusMusculus,HGIRNASFI,MCMV,1
452,25083,TRB,CASSGTGGHERLFF,TRBV13-3*01,TRBJ1-4*02,MusMusculus,SSLENFRAYV,InfluenzaA,1
453,25085,TRB,CASTQGGAPLF,TRBV29*01,TRBJ1-5*02,MusMusculus,SSLENFRAYV,InfluenzaA,1
454,25086,TRB,CASSENWGYEQYF,TRBV13-1*02,TRBJ2-7*01,MusMusculus,SSPPMFRV,MCMV,1
455,25091,TRB,CARRQGSAETLYF,TRBV29*01,TRBJ2-3*01,MusMusculus,SSYRRPVGI,InfluenzaA,1
456,25094,TRB,CATRQGSAETLYF,TRBV29*01,TRBJ2-3*01,MusMusculus,SSYRRPVGI,InfluenzaA,1
457,25102,TRB,CASSGESAETLYF,TRBV13-1*02,TRBJ2-3*01,MusMusculus,SSYRRPVGI,InfluenzaA,1
458,25107,TRB,CASSGESAETLYF,TRBV12-1*01,TRBJ2-3*01,MusMusculus,SSYRRPVGI,InfluenzaA,1
459,25116,TRB,CASGGLDSAETLYF,TRBV13-2*01,TRBJ2-3*01,MusMusculus,SSYRRPVGI,InfluenzaA,1
460,25118,TRB,CASGGQESAETLYF,TRBV13-2*01,TRBJ2-3*01,MusMusculus,SSYRRPVGI,InfluenzaA,1
461,25121,TRB,CASRGQTSAETLYF,TRBV14*01,TRBJ2-3*01,MusMusculus,SSYRRPVGI,InfluenzaA,1
462,25122,TRB,CASRMESSAETLYF,TRBV29*01,TRBJ2-3*01,MusMusculus,SSYRRPVGI,InfluenzaA,1
463,25126,TRB,CASSGGDSAETLYF,TRBV13-3*01,TRBJ2-3*01,MusMusculus,SSYRRPVGI,InfluenzaA,1
464,25128,TRB,CASSGRDSAETLYF,TRBV13-1*02,TRBJ2-3*01,MusMusculus,SSYRRPVGI,InfluenzaA,1
465,25130,TRB,CASSRDSAETLYF,TRBV17*01,TRBJ2-3*01,MusMusculus,SSYRRPVGI,InfluenzaA,1
466,25132,TRB,CASTAGDSAETLYF,TRBV19*01,TRBJ2-3*01,MusMusculus,SSYRRPVGI,InfluenzaA,1
467,25139,TRB,CASSPDSAETLYF,TRBV5*01,TRBJ2-3*01,MusMusculus,SSLENFRAYV,InfluenzaA,1
468,25140,TRB,CANSFDSAETLYF,TRBV26*01,TRBJ2-3*01,MusMusculus,SSYRRPVGI,InfluenzaA,1
469,25142,TRB,CASGEDSAETLYF,TRBV13-2*01,TRBJ2-3*01,MusMusculus,SSYRRPVGI,InfluenzaA,1
470,25150,TRB,CASGGSSAETLYF,TRBV13-2*01,TRBJ2-3*01,MusMusculus,SSYRRPVGI,InfluenzaA,1
471,25154,TRB,CASMTGDSAETLYF,TRBV19*01,TRBJ2-3*01,MusMusculus,SSYRRPVGI,InfluenzaA,1
472,25155,TRB,CASNPGQSAETLYF,TRBV19*01,TRBJ2-3*01,MusMusculus,SSYRRPVGI,InfluenzaA,1
473,25161,TRB,CASSDDSAETLYF,TRBV13-1*02,TRBJ2-3*01,MusMusculus,SSYRRPVGI,InfluenzaA,1
474,25166,TRB,CASSGSSAETLYF,TRBV4*01,TRBJ2-3*01,MusMusculus,SSYRRPVGI,InfluenzaA,1
475,25170,TRB,CASSPDSAETLYF,TRBV5*01,TRBJ2-3*01,MusMusculus,SSYRRPVGI,InfluenzaA,1
476,25171,TRB,CASSPPTDSAETLYF,TRBV19*01,TRBJ2-3*01,MusMusculus,SSYRRPVGI,InfluenzaA,1
477,25175,TRB,CASSYSSAETLYF,TRBV14*01,TRBJ2-3*01,MusMusculus,SSYRRPVGI,InfluenzaA,1
478,25180,TRB,CATGTGSSAETLYF,TRBV14*01,TRBJ2-3*01,MusMusculus,TVYGFCLL,MCMV,1
479,25192,TRB,CASSELGGQGEQYF,TRBV13-3*01,TRBJ2-7*01,MusMusculus,SSLENFRAYV,InfluenzaA,1
480,25193,TRB,CASRSGGGGQNTLYF,TRBV15*01,TRBJ2-4*01,MusMusculus,TVYGFCLL,MCMV,1
481,25194,TRB,CASSLSNGGLDTQYF,TRBV29*01,TRBJ2-5*01,MusMusculus,LSLRNPILV,InfluenzaA,1
482,25216,TRB,CAWSLEDSAETLYF,TRBV31*01,TRBJ2-3*01,MusMusculus,SSYRRPVGI,InfluenzaA,1
483,25219,TRB,CTCSGLDSAETLYF,TRBV1*01,TRBJ2-3*01,MusMusculus,SSYRRPVGI,InfluenzaA,1
484,25224,TRB,CACGGTDSAETLYF,TRBV13-2*01,TRBJ2-3*01,MusMusculus,SSYRRPVGI,InfluenzaA,1
485,25234,TRB,CASNPVDSAETLYF,TRBV14*01,TRBJ2-3*01,MusMusculus,SSYRRPVGI,InfluenzaA,1
486,25236,TRB,CASRPTTSAETLYF,TRBV14*01,TRBJ2-3*01,MusMusculus,SSYRRPVGI,InfluenzaA,1
487,25238,TRB,CASSFQDSAETLYF,TRBV14*01,TRBJ2-3*01,MusMusculus,SSYRRPVGI,InfluenzaA,1
488,25249,TRB,CASSPPDSAETLYF,TRBV15*01,TRBJ2-3*01,MusMusculus,SSYRRPVGI,InfluenzaA,1
489,25250,TRB,CASSQDSAETLYF,TRBV26*01,TRBJ2-3*01,MusMusculus,SSYRRPVGI,InfluenzaA,1
490,25255,TRB,CASSSDSAETRYF,TRBV15*01,TRBJ2-3*01,MusMusculus,SSYRRPVGI,InfluenzaA,1
491,25256,TRB,CASSTESAETLYF,TRBV4*01,TRBJ2-3*01,MusMusculus,SSYRRPVGI,InfluenzaA,1
492,25258,TRB,CAWRKLGGGEAEQFF,TRBV31*01,TRBJ2-1*01,MusMusculus,SSYRRPVGI,InfluenzaA,1
493,25260,TRB,CAWSPDSAETLYF,TRBV31*01,TRBJ2-3*01,MusMusculus,SSYRRPVGI,InfluenzaA,1
494,25262,TRB,CGARDGGGEVFF,TRBV20*01,TRBJ1-1*01,MusMusculus,ASNENMETM,InfluenzaA,1
495,25264,TRB,CTCSGDSAETLYF,TRBV1*01,TRBJ2-3*01,MusMusculus,SSYRRPVGI,InfluenzaA,1
496,25266,TRB,CTCSGRDSAETLYF,TRBV1*01,TRBJ2-3*01,MusMusculus,SSYRRPVGI,InfluenzaA,1
497,25268,TRB,CASSFADSAETLYF,TRBV14*01,TRBJ2-3*01,MusMusculus,SSYRRPVGI,InfluenzaA,1
498,25269,TRB,CASSLDSAETLYF,TRBV12-1*01,TRBJ2-3*01,MusMusculus,SSYRRPVGI,InfluenzaA,1
499,25271,TRB,CASSGQGAPNSDYTF,TRBV13-1*02,TRBJ1-2*01,MusMusculus,SSYRRPVGI,InfluenzaA,1
500,25272,TRB,CASSGDSAETLYF,TRBV15*01,TRBJ2-3*01,MusMusculus,SSYRRPVGI,InfluenzaA,1
501,25279,TRB,CASSGDSAETLYF,TRBV13-1*02,TRBJ2-3*01,MusMusculus,SSLENFRAYV,InfluenzaA,1
502,25291,TRB,CASSLQNSDYTF,TRBV16*01,TRBJ1-2*01,MusMusculus,SSYRRPVGI,InfluenzaA,1
503,25292,TRB,CASSPDAEQFF,TRBV12-1*01,TRBJ2-1*01,MusMusculus,LSLRNPILV,InfluenzaA,1
504,25295,TRB,CASSGDSAETLYF,TRBV16*01,TRBJ2-3*01,MusMusculus,SSYRRPVGI,InfluenzaA,1
505,25296,TRB,CASSRDSDERLFF,TRBV14*01,TRBJ1-4*02,MusMusculus,SSYRRPVGI,InfluenzaA,1
506,25297,TRB,CASSPTGGDAETLYF,TRBV5*01,TRBJ2-3*01,MusMusculus,SSYRRPVGI,InfluenzaA,1
507,25302,TRB,CASSLKGTEVFF,TRBV29*01,TRBJ1-1*01,MusMusculus,SSYRRPVGI,InfluenzaA,1
508,25303,TRB,CASRRDSAETLYF,TRBV14*01,TRBJ2-3*01,MusMusculus,SSLENFRAYV,InfluenzaA,1
509,25307,TRB,CASSPDRGALYF,TRBV29*01,TRBJ2-4*01,MusMusculus,SSLENFRAYV,InfluenzaA,1
510,25338,TRB,CASSQDSAETLYF,TRBV5*01,TRBJ2-3*01,MusMusculus,SSYRRPVGI,InfluenzaA,1
511,25343,TRB,CASSRDSAETLYF,TRBV15*01,TRBJ2-3*01,MusMusculus,SSYRRPVGI,InfluenzaA,1
512,25349,TRB,CGARDGGDSAETLYF,TRBV20*01,TRBJ2-3*01,MusMusculus,SSYRRPVGI,InfluenzaA,1
513,25350,TRB,CSSSWSSAETLYF,TRBV30*01,TRBJ2-3*01,MusMusculus,SSYRRPVGI,InfluenzaA,1
514,25365,TRB,CASGGRDSAETLYF,TRBV13-2*01,TRBJ2-3*01,MusMusculus,SSYRRPVGI,InfluenzaA,1
515,25369,TRB,CASMSGSAETLYF,TRBV19*01,TRBJ2-3*01,MusMusculus,SSYRRPVGI,InfluenzaA,1
516,25372,TRB,CASRGQSSAETLYF,TRBV19*01,TRBJ2-3*01,MusMusculus,SSYRRPVGI,InfluenzaA,1
517,25373,TRB,CASRPGTDSAETLYF,TRBV14*01,TRBJ2-3*01,MusMusculus,SSYRRPVGI,InfluenzaA,1
518,25378,TRB,CASSGDSAETLYF,TRBV15*01,TRBJ2-3*01,MusMusculus,ASNENMETM,InfluenzaA,1
519,25383,TRB,CASSGDSSAETLYF,TRBV12-2*01,TRBJ2-3*01,MusMusculus,SSYRRPVGI,InfluenzaA,1
520,25384,TRB,CASSGNSAETLYF,TRBV12-2*01,TRBJ2-3*01,MusMusculus,SSYRRPVGI,InfluenzaA,1
521,25385,TRB,CASSGTDSAETLYF,TRBV16*01,TRBJ2-3*01,MusMusculus,SSYRRPVGI,InfluenzaA,1
522,25406,TRB,CASSTGSAETLYF,TRBV19*01,TRBJ2-3*01,MusMusculus,SSYRRPVGI,InfluenzaA,1
523,25413,TRB,CAWTGSSAETLYF,TRBV31*01,TRBJ2-3*01,MusMusculus,SSYRRPVGI,InfluenzaA,1
524,25422,TRB,CASGDTSAETLYF,TRBV13-2*01,TRBJ2-3*01,MusMusculus,SSYRRPVGI,InfluenzaA,1
525,25425,TRB,CASTPDRGQDTQYF,TRBV19*01,TRBJ2-5*01,MusMusculus,SSYRRPVGI,InfluenzaA,1
526,25427,TRB,CASGGGSNERLFF,TRBV14*01,TRBJ1-4*02,MusMusculus,SSYRRPVGI,InfluenzaA,1
527,25428,TRB,CASSLLGASAETLYF,TRBV15*01,TRBJ2-3*01,MusMusculus,LSLRNPILV,InfluenzaA,1
528,25434,TRB,CASFTANERLFF,TRBV12-2*01,TRBJ1-4*02,MusMusculus,SSYRRPVGI,InfluenzaA,1
529,25435,TRB,CASSLSSRGPNSDYTF,TRBV29*01,TRBJ1-2*01,MusMusculus,SSLENFRAYV,InfluenzaA,1
530,25437,TRB,CASSLPDSAETLYF,TRBV12-2*01,TRBJ2-3*01,MusMusculus,SSYRRPVGI,InfluenzaA,1
531,25448,TRB,CASSLDSAETLYF,TRBV19*01,TRBJ2-3*01,MusMusculus,SSYRRPVGI,InfluenzaA,1
532,25449,TRB,CASSLESAETLYF,TRBV19*01,TRBJ2-3*01,MusMusculus,SSYRRPVGI,InfluenzaA,1
533,25452,TRB,CAWPSTSAETLYF,TRBV31*01,TRBJ2-3*01,MusMusculus,SSYRRPVGI,InfluenzaA,1
534,25461,TRB,CASSPDWGGRYEQYF,TRBV12-1*01,TRBJ2-7*01,MusMusculus,SSYRRPVGI,InfluenzaA,1
535,25462,TRB,CASSLTENQAPLF,TRBV12-2*01,TRBJ1-5*01,MusMusculus,SSYRRPVGI,InfluenzaA,1
536,25468,TRB,CASSLGTDQDTQYF,TRBV12-1*01,TRBJ2-5*01,MusMusculus,SSYRRPVGI,InfluenzaA,1
537,25469,TRB,CASSLSNRGQDSDYTF,TRBV29*01,TRBJ1-2*01,MusMusculus,SSLENFRAYV,InfluenzaA,1
538,25476,TRB,CAWRGLDSAETLYF,TRBV31*01,TRBJ2-3*01,MusMusculus,SSYRRPVGI,InfluenzaA,1
539,25478,TRB,CASSDAGGQNTLYF,TRBV13-3*01,TRBJ2-4*01,MusMusculus,SSLENFRAYV,InfluenzaA,1
540,25484,TRB,CASSQERGETYEQYF,TRBV5*01,TRBJ2-7*01,MusMusculus,SSYRRPVGI,InfluenzaA,1
541,25485,TRB,CASSAGRGNTLYF,TRBV4*01,TRBJ2-4*01,MusMusculus,SSYRRPVGI,InfluenzaA,1
542,25487,TRB,CASSLGLGSAETLYF,TRBV12-1*01,TRBJ2-3*01,MusMusculus,SSYRRPVGI,InfluenzaA,1
543,25490,TRB,CTCSTRASNTEVFF,TRBV1*01,TRBJ1-1*01,MusMusculus,ASNENMETM,InfluenzaA,1
544,25494,TRB,CASSFNSAETLYF,TRBV4*01,TRBJ2-3*01,MusMusculus,SSYRRPVGI,InfluenzaA,1
545,25496,TRB,CAIRATSAETLYF,TRBV4*01,TRBJ2-3*01,MusMusculus,SSYRRPVGI,InfluenzaA,1
546,25499,TRB,CASSLDSAETLYF,TRBV15*01,TRBJ2-3*01,MusMusculus,SSYRRPVGI,InfluenzaA,1
547,25509,TRB,CASSGDSAETLYF,TRBV13-1*02,TRBJ2-3*01,MusMusculus,SSYRRPVGI,InfluenzaA,1
548,25510,TRB,CASSGDSAETLYF,TRBV17*01,TRBJ2-3*01,MusMusculus,SSYRRPVGI,InfluenzaA,1
549,25511,TRB,CASSGESAETLYF,TRBV14*01,TRBJ2-3*01,MusMusculus,SSYRRPVGI,InfluenzaA,1
550,25514,TRB,CASSGLDSAETLYF,TRBV13-1*02,TRBJ2-3*01,MusMusculus,SSYRRPVGI,InfluenzaA,1
551,25515,TRB,CASSHDSAETLYF,TRBV26*01,TRBJ2-3*01,MusMusculus,SSYRRPVGI,InfluenzaA,1
552,25528,TRB,CASSQESAETLYF,TRBV5*01,TRBJ2-3*01,MusMusculus,SSYRRPVGI,InfluenzaA,1
553,25538,TRB,CASGQDRRNSYNSPLYF,TRBV2*01,TRBJ1-1*01,MusMusculus,ASNENMETM,InfluenzaA,1
554,25542,TRB,CTCSADYRNSYNSPLYF,TRBV1*01,TRBJ1-1*01,MusMusculus,ASNENMETM,InfluenzaA,1
555,25543,TRB,CASSEGGWEQYF,TRBV14*01,TRBJ2-7*01,MusMusculus,SSPPMFRV,MCMV,1
556,25544,TRB,CGDGTGGNTLYF,TRBV20*01,TRBJ1-3*01,MusMusculus,SSLENFRAYV,InfluenzaA,1
557,25546,TRB,CASSLSGEGNTEVFF,TRBV26*01,TRBJ1-1*01,MusMusculus,SSYRRPVGI,InfluenzaA,1
558,25547,TRB,CASSQTGVEQYF,TRBV26*01,TRBJ2-7*01,MusMusculus,TVYGFCLL,MCMV,1
559,25555,TRB,CTCSAANTGQLYF,TRBV1*01,TRBJ2-2*01,MusMusculus,SSYRRPVGI,InfluenzaA,1
560,25558,TRB,CASRGDSAETLYF,TRBV4*01,TRBJ2-3*01,MusMusculus,SSYRRPVGI,InfluenzaA,1
561,25571,TRB,CASSGWESAETLYF,TRBV13-1*02,TRBJ2-3*01,MusMusculus,SSYRRPVGI,InfluenzaA,1
562,25591,TRB,CASMGTSAETLYF,TRBV29*01,TRBJ2-3*01,MusMusculus,SSYRRPVGI,InfluenzaA,1
563,25600,TRB,CAWTHLSNERLFF,TRBV31*01,TRBJ1-4*02,MusMusculus,SSYRRPVGI,InfluenzaA,1
564,25604,TRB,CASSGNSAETLYF,TRBV4*01,TRBJ2-3*01,MusMusculus,SSYRRPVGI,InfluenzaA,1
565,25613,TRB,CASRYNERLFF,TRBV13-3*01,TRBJ1-4*02,MusMusculus,SSYRRPVGI,InfluenzaA,1
566,25614,TRB,CASSFTSSAETLYF,TRBV14*01,TRBJ2-3*01,MusMusculus,SSYRRPVGI,InfluenzaA,1
567,25624,TRB,CASSRSSAETLYF,TRBV4*01,TRBJ2-3*01,MusMusculus,SSYRRPVGI,InfluenzaA,1
568,25628,TRB,CASSFWGRDQDTQYF,TRBV4*01,TRBJ2-5*01,MusMusculus,SSPPMFRV,MCMV,1
569,25636,TRB,CASRGTTSAETLYF,TRBV14*01,TRBJ2-3*01,MusMusculus,SSYRRPVGI,InfluenzaA,1
570,25639,TRB,CASSQDSAETLYF,TRBV15*01,TRBJ2-3*01,MusMusculus,SSYRRPVGI,InfluenzaA,1
571,25643,TRB,CAWTGTSAETLYF,TRBV31*01,TRBJ2-3*01,MusMusculus,SSYRRPVGI,InfluenzaA,1
572,25645,TRB,CASDWGDSAETLYF,TRBV31*01,TRBJ2-3*01,MusMusculus,SSYRRPVGI,InfluenzaA,1
573,25664,TRB,CASSGDSAETLYF,TRBV14*01,TRBJ2-3*01,MusMusculus,SSYRRPVGI,InfluenzaA,1
574,25673,TRB,CASSGLNSDYTF,TRBV13-1*02,TRBJ1-2*01,MusMusculus,SSYRRPVGI,InfluenzaA,1
575,25681,TRB,CASSRDSAETLYF,TRBV19*01,TRBJ2-3*01,MusMusculus,SSYRRPVGI,InfluenzaA,1
576,25683,TRB,CASSPDSAETLYF,TRBV16*01,TRBJ2-3*01,MusMusculus,SSYRRPVGI,InfluenzaA,1
577,25699,TRB,CASSDARTTEVFF,TRBV13-1*02,TRBJ1-1*01,MusMusculus,ASNENMETM,InfluenzaA,1
578,25705,TRB,CASSHSRGQVDTQYF,TRBV2*01,TRBJ2-5*01,MusMusculus,ASNENMETM,InfluenzaA,1
579,25735,TRB,CASSFGQAPLF,TRBV29*01,TRBJ1-5*01,MusMusculus,SSLENFRAYV,InfluenzaA,1
580,25738,TRB,CASSLDRGGLFF,TRBV29*01,TRBJ1-4*02,MusMusculus,SSLENFRAYV,InfluenzaA,1
581,25747,TRB,CASSLDRAEVFF,TRBV29*01,TRBJ1-1*01,MusMusculus,SSLENFRAYV,InfluenzaA,1
582,25756,TRB,CASSPDRGQVFF,TRBV29*01,TRBJ1-1*01,MusMusculus,SSLENFRAYV,InfluenzaA,1
583,25757,TRB,CASSPDRGRLFF,TRBV29*01,TRBJ1-4*01,MusMusculus,SSLENFRAYV,InfluenzaA,1
584,25760,TRB,CASSSWGGARAEQFF,TRBV16*01,TRBJ2-1*01,MusMusculus,ASNENMETM,InfluenzaA,1
585,25761,TRB,CASSEGREQYF,TRBV29*01,TRBJ2-7*01,MusMusculus,SSLENFRAYV,InfluenzaA,1
586,25768,TRB,CASSWGSEQYF,TRBV29*01,TRBJ2-7*01,MusMusculus,SSLENFRAYV,InfluenzaA,1
587,25777,TRB,CASSQGREQYF,TRBV29*01,TRBJ2-7*01,MusMusculus,SSLENFRAYV,InfluenzaA,1
588,25783,TRB,CASSGGQGNYAEQFF,TRBV13-1*02,TRBJ2-1*01,MusMusculus,ASNENMETM,InfluenzaA,1
589,25785,TRB,CASSDAREDTQYF,TRBV13-1*02,TRBJ2-5*01,MusMusculus,SSYRRPVGI,InfluenzaA,1
590,25790,TRB,CASSGTGGDYAEQFF,TRBV12-1*01,TRBJ2-1*01,MusMusculus,HGIRNASFI,MCMV,1
591,25795,TRB,CASSLRGDYAEQFF,TRBV29*01,TRBJ2-1*01,MusMusculus,HGIRNASFI,MCMV,1
592,25810,TRB,CAWTGGQDTQYF,TRBV31*01,TRBJ2-5*01,MusMusculus,SSYRRPVGI,InfluenzaA,1
593,25813,TRB,CAWSGRTGGYNYAEQFF,TRBV31*01,TRBJ2-1*01,MusMusculus,SSPPMFRV,MCMV,1
594,25815,TRB,CASSPGTGGYNYAEQFF,TRBV4*01,TRBJ2-1*01,MusMusculus,HGIRNASFI,MCMV,1
595,25817,TRB,CASGDRTGGYNYAEQFF,TRBV13-2*01,TRBJ2-1*01,MusMusculus,SSPPMFRV,MCMV,1
596,25818,TRB,CASSFPGKGTGQLYF,TRBV29*01,TRBJ2-2*01,MusMusculus,TVYGFCLL,MCMV,1
597,25819,TRB,CASRQTFNQDTQYF,TRBV15*01,TRBJ2-5*01,MusMusculus,SSPPMFRV,MCMV,1
598,25820,TRB,CASSTGTPNSDYTF,TRBV19*01,TRBJ1-2*01,MusMusculus,TVYGFCLL,MCMV,1
599,25823,TRB,CASSIATTDNYEQYF,TRBV19*01,TRBJ2-7*01,MusMusculus,LSLRNPILV,InfluenzaA,1
600,25827,TRB,CASTGGYEQYF,TRBV13-3*01,TRBJ2-7*01,MusMusculus,SSLENFRAYV,InfluenzaA,1
601,25829,TRB,CASSLFPGQANSDYTF,TRBV12-2*01,TRBJ1-2*01,MusMusculus,SSYRRPVGI,InfluenzaA,1
602,25833,TRB,CASSLARDTQYF,TRBV16*01,TRBJ2-5*01,MusMusculus,ASNENMETM,InfluenzaA,1
603,25834,TRB,CASSLDHGLGGHYAEQFF,TRBV16*01,TRBJ2-1*01,MusMusculus,TVYGFCLL,MCMV,1
604,25837,TRB,CASSFGERLFF,TRBV29*01,TRBJ1-4*02,MusMusculus,SSLENFRAYV,InfluenzaA,1
605,25844,TRB,CASSFTGDTEVFF,TRBV3*01,TRBJ1-1*01,MusMusculus,SSLENFRAYV,InfluenzaA,1
606,25845,TRB,CASSISLRQFSAETLYF,TRBV19*01,TRBJ2-3*01,MusMusculus,SSLENFRAYV,InfluenzaA,1
607,25846,TRB,CASSRLGDSYEQYF,TRBV3*01,TRBJ2-7*01,MusMusculus,SSLENFRAYV,InfluenzaA,1
608,25847,TRB,CASSQQQDSYEQYF,TRBV2*01,TRBJ2-7*01,MusMusculus,SSLENFRAYV,InfluenzaA,1
609,25850,TRB,CASSLARDEQYF,TRBV16*01,TRBJ2-7*01,MusMusculus,ASNENMETM,InfluenzaA,1
610,25854,TRB,CASSRARDEQYF,TRBV16*01,TRBJ2-7*01,MusMusculus,ASNENMETM,InfluenzaA,1
611,25862,TRB,CASSFGGAPLF,TRBV29*01,TRBJ1-5*01,MusMusculus,SSLENFRAYV,InfluenzaA,1
612,25866,TRB,CASSGGAEVFF,TRBV29*01,TRBJ1-1*01,MusMusculus,SSLENFRAYV,InfluenzaA,1
613,25879,TRB,CASSEGQGEVFF,TRBV13-1*02,TRBJ1-1*01,MusMusculus,TVYGFCLL,MCMV,1
614,25887,TRB,CASSLGLGLIYEQYF,TRBV4*01,TRBJ2-7*01,MusMusculus,SSYRRPVGI,InfluenzaA,1
615,0,TRB,CASSDWGVQDTQYF,TRBV13-3*01,TRBJ2-5*01,MusMusculus,SQLLNAKYL,PlasmodiumBerghei,1
616,0,TRB,CASSDWGNYAEQFF,TRBV13-3*01,TRBJ2-1*01,MusMusculus,SQLLNAKYL,PlasmodiumBerghei,1
617,0,TRB,CASSDWGNQDTQYF,TRBV13-3*01,TRBJ2-5*01,MusMusculus,SQLLNAKYL,PlasmodiumBerghei,1
618,0,TRB,CASSDWGRDAEQFF,TRBV13-3*01,TRBJ2-1*01,MusMusculus,SQLLNAKYL,PlasmodiumBerghei,1
619,0,TRB,CASSHWGGDTQYF,TRBV13-3*01,TRBJ2-5*01,MusMusculus,SQLLNAKYL,PlasmodiumBerghei,1
620,0,TRB,CASSDWGGAYEQYF,TRBV13-3*01,TRBJ2-7*01,MusMusculus,SQLLNAKYL,PlasmodiumBerghei,1
621,0,TRB,CASSDWGQDTQYF,TRBV13-3*01,TRBJ2-5*01,MusMusculus,SQLLNAKYL,PlasmodiumBerghei,1
622,0,TRB,CASSDWGGGQNTLYF,TRBV13-3*01,TRBJ2-4*01,MusMusculus,SQLLNAKYL,PlasmodiumBerghei,1
623,0,TRB,CASSDDWTSQNTLYF,TRBV13-3*01,TRBJ2-4*01,MusMusculus,SQLLNAKYL,PlasmodiumBerghei,1
624,0,TRB,CASRQGENSGNTLYF,TRBV26*01,TRBJ1-3*01,MusMusculus,SQLLNAKYL,PlasmodiumBerghei,1
625,0,TRB,CASSPGLGDAEQFF,TRBV15*01,TRBJ2-1*01,MusMusculus,SQLLNAKYL,PlasmodiumBerghei,1
626,0,TRB,CASSDWGKEDTQYF,TRBV13-3*01,TRBJ2-5*01,MusMusculus,SQLLNAKYL,PlasmodiumBerghei,1
627,0,TRB,CASSDWGEKDTQYF,TRBV13-3*01,TRBJ2-5*01,MusMusculus,SQLLNAKYL,PlasmodiumBerghei,1
628,0,TRB,CASSDWGHQDTQYF,TRBV13-3*01,TRBJ2-5*01,MusMusculus,SQLLNAKYL,PlasmodiumBerghei,1
629,0,TRB,CASSDWGGVAETLYF,TRBV13-3*01,TRBJ2-3*01,MusMusculus,SQLLNAKYL,PlasmodiumBerghei,1
630,0,TRB,CASSDWGGVEQYF,TRBV13-3*01,TRBJ2-7*01,MusMusculus,SQLLNAKYL,PlasmodiumBerghei,1
631,0,TRB,CASSDWGTDAEQFF,TRBV13-3*01,TRBJ2-1*01,MusMusculus,SQLLNAKYL,PlasmodiumBerghei,1
632,0,TRB,CASGTGVTGQLYF,TRBV13-2*01,TRBJ2-2*01,MusMusculus,SQLLNAKYL,PlasmodiumBerghei,1
633,0,TRB,CASSDWGNTGQLYF,TRBV13-3*01,TRBJ2-2*01,MusMusculus,SQLLNAKYL,PlasmodiumBerghei,1
634,0,TRB,CASSDWGSQNTLYF,TRBV13-3*01,TRBJ2-4*01,MusMusculus,SQLLNAKYL,PlasmodiumBerghei,1
635,0,TRB,CASSDSGKNTEVFF,TRBV13-3*01,TRBJ1-1*01,MusMusculus,SQLLNAKYL,PlasmodiumBerghei,1
636,0,TRB,CASSDDWTGVTEVFF,TRBV13-3*01,TRBJ1-1*01,MusMusculus,SQLLNAKYL,PlasmodiumBerghei,1
637,0,TRB,CASRGANERLFF,TRBV29*01,TRBJ1-4*01,MusMusculus,SQLLNAKYL,PlasmodiumBerghei,1
638,0,TRB,CASSDYNNSPLYF,TRBV13-3*01,TRBJ1-1*01,MusMusculus,SQLLNAKYL,PlasmodiumBerghei,1
639,0,TRB,CASSDWGGDNYAEQFF,TRBV13-3*01,TRBJ2-1*01,MusMusculus,SQLLNAKYL,PlasmodiumBerghei,1
640,0,TRB,CASSDWGSSYEQYF,TRBV13-3*01,TRBJ2-7*01,MusMusculus,SQLLNAKYL,PlasmodiumBerghei,1
641,0,TRB,CASSDAGTGDYEQYF,TRBV13-3*01,TRBJ2-7*01,MusMusculus,SQLLNAKYL,PlasmodiumBerghei,1
642,0,TRB,CASSDWGVRDTQYF,TRBV13-3*01,TRBJ2-5*01,MusMusculus,SQLLNAKYL,PlasmodiumBerghei,1
643,0,TRB,CASSDWGAGAEQFF,TRBV13-3*01,TRBJ2-1*01,MusMusculus,SQLLNAKYL,PlasmodiumBerghei,1
